Instance;Algorithme;Taille_Clique;Taille_Min;Taille_Max;Taille_Moyenne;Temps_ms;Notes
brock/brock200_1.clq;Q1_FI_Seed_0;17;;;;0.037137;
brock/brock200_1.clq;Q1_HC_Seed_0;18;;;;0.749525;OK
brock/brock200_1.clq;Q1_FI_Seed_1;16;;;;0.02853;
brock/brock200_1.clq;Q1_HC_Seed_1;17;;;;0.873118;OK
brock/brock200_1.clq;Q1_FI_Seed_2;16;;;;0.02677;
brock/brock200_1.clq;Q1_HC_Seed_2;18;;;;0.868502;OK
brock/brock200_1.clq;Q1_FI_Seed_3;16;;;;0.027202;
brock/brock200_1.clq;Q1_HC_Seed_3;17;;;;0.840138;OK
brock/brock200_1.clq;Q1_FI_Seed_4;13;;;;0.025668;
brock/brock200_1.clq;Q1_HC_Seed_4;21;;;;1.19919;OK
brock/brock200_1.clq;Q1_FI_Seed_5;16;;;;0.027778;
brock/brock200_1.clq;Q1_HC_Seed_5;18;;;;1.00028;OK
brock/brock200_1.clq;Q1_FI_Seed_6;16;;;;0.027746;
brock/brock200_1.clq;Q1_HC_Seed_6;17;;;;0.698813;OK
brock/brock200_1.clq;Q1_FI_Seed_7;13;;;;0.025349;
brock/brock200_1.clq;Q1_HC_Seed_7;16;;;;0.614846;OK
brock/brock200_1.clq;Q1_FI_Seed_8;14;;;;0.026044;
brock/brock200_1.clq;Q1_HC_Seed_8;14;;;;0.40778;OK
brock/brock200_1.clq;Q1_FI_Seed_9;13;;;;0.027078;
brock/brock200_1.clq;Q1_HC_Seed_9;16;;;;0.902637;OK
brock/brock200_1.clq;Q1_FI_STATS_SUMMARY;;13;17;15;0.279302;
brock/brock200_1.clq;Q1_HC_STATS_SUMMARY;;14;21;17.2;8.15483;
brock/brock200_1.clq;Q1_Best_Static;15;;;;0.058535;
brock/brock200_1.clq;Q1_Best_Dynamic;19;;;;3.12864;OK
brock/brock200_2.clq;Q1_FI_Seed_0;8;;;;0.021083;
brock/brock200_2.clq;Q1_HC_Seed_0;8;;;;0.160903;OK
brock/brock200_2.clq;Q1_FI_Seed_1;7;;;;0.019269;
brock/brock200_2.clq;Q1_HC_Seed_1;10;;;;0.315467;OK
brock/brock200_2.clq;Q1_FI_Seed_2;7;;;;0.020203;
brock/brock200_2.clq;Q1_HC_Seed_2;7;;;;0.143791;OK
brock/brock200_2.clq;Q1_FI_Seed_3;7;;;;0.019478;
brock/brock200_2.clq;Q1_HC_Seed_3;9;;;;0.355502;OK
brock/brock200_2.clq;Q1_FI_Seed_4;8;;;;0.020463;
brock/brock200_2.clq;Q1_HC_Seed_4;9;;;;0.28136;OK
brock/brock200_2.clq;Q1_FI_Seed_5;7;;;;0.018866;
brock/brock200_2.clq;Q1_HC_Seed_5;8;;;;0.233137;OK
brock/brock200_2.clq;Q1_FI_Seed_6;8;;;;0.019422;
brock/brock200_2.clq;Q1_HC_Seed_6;9;;;;0.229692;OK
brock/brock200_2.clq;Q1_FI_Seed_7;7;;;;0.01914;
brock/brock200_2.clq;Q1_HC_Seed_7;8;;;;0.22293;OK
brock/brock200_2.clq;Q1_FI_Seed_8;6;;;;0.019357;
brock/brock200_2.clq;Q1_HC_Seed_8;9;;;;0.36207;OK
brock/brock200_2.clq;Q1_FI_Seed_9;7;;;;0.019963;
brock/brock200_2.clq;Q1_HC_Seed_9;8;;;;0.237874;OK
brock/brock200_2.clq;Q1_FI_STATS_SUMMARY;;6;8;7.2;0.197244;
brock/brock200_2.clq;Q1_HC_STATS_SUMMARY;;7;10;8.5;2.54273;
brock/brock200_2.clq;Q1_Best_Static;8;;;;0.040532;
brock/brock200_2.clq;Q1_Best_Dynamic;9;;;;1.64466;OK
brock/brock200_3.clq;Q1_FI_Seed_0;8;;;;0.022544;
brock/brock200_3.clq;Q1_HC_Seed_0;9;;;;0.270896;OK
brock/brock200_3.clq;Q1_FI_Seed_1;9;;;;0.021796;
brock/brock200_3.clq;Q1_HC_Seed_1;12;;;;0.622814;OK
brock/brock200_3.clq;Q1_FI_Seed_2;13;;;;0.02229;
brock/brock200_3.clq;Q1_HC_Seed_2;13;;;;0.320587;OK
brock/brock200_3.clq;Q1_FI_Seed_3;9;;;;0.022147;
brock/brock200_3.clq;Q1_HC_Seed_3;10;;;;0.278091;OK
brock/brock200_3.clq;Q1_FI_Seed_4;11;;;;0.022481;
brock/brock200_3.clq;Q1_HC_Seed_4;11;;;;0.268662;OK
brock/brock200_3.clq;Q1_FI_Seed_5;9;;;;0.021749;
brock/brock200_3.clq;Q1_HC_Seed_5;9;;;;0.214016;OK
brock/brock200_3.clq;Q1_FI_Seed_6;9;;;;0.022015;
brock/brock200_3.clq;Q1_HC_Seed_6;10;;;;0.360944;OK
brock/brock200_3.clq;Q1_FI_Seed_7;9;;;;0.022586;
brock/brock200_3.clq;Q1_HC_Seed_7;10;;;;0.326678;OK
brock/brock200_3.clq;Q1_FI_Seed_8;9;;;;0.023027;
brock/brock200_3.clq;Q1_HC_Seed_8;11;;;;0.546148;OK
brock/brock200_3.clq;Q1_FI_Seed_9;9;;;;0.028918;
brock/brock200_3.clq;Q1_HC_Seed_9;11;;;;0.441738;OK
brock/brock200_3.clq;Q1_FI_STATS_SUMMARY;;8;13;9.5;0.229553;
brock/brock200_3.clq;Q1_HC_STATS_SUMMARY;;9;13;10.6;3.65057;
brock/brock200_3.clq;Q1_Best_Static;12;;;;0.066408;
brock/brock200_3.clq;Q1_Best_Dynamic;13;;;;2.46784;OK
brock/brock200_4.clq;Q1_FI_Seed_0;11;;;;0.063899;
brock/brock200_4.clq;Q1_HC_Seed_0;11;;;;0.720055;OK
brock/brock200_4.clq;Q1_FI_Seed_1;11;;;;0.058896;
brock/brock200_4.clq;Q1_HC_Seed_1;12;;;;1.15887;OK
brock/brock200_4.clq;Q1_FI_Seed_2;11;;;;0.050516;
brock/brock200_4.clq;Q1_HC_Seed_2;13;;;;1.3801;OK
brock/brock200_4.clq;Q1_FI_Seed_3;11;;;;0.049179;
brock/brock200_4.clq;Q1_HC_Seed_3;14;;;;1.8719;OK
brock/brock200_4.clq;Q1_FI_Seed_4;9;;;;0.050603;
brock/brock200_4.clq;Q1_HC_Seed_4;11;;;;1.09649;OK
brock/brock200_4.clq;Q1_FI_Seed_5;11;;;;0.04919;
brock/brock200_4.clq;Q1_HC_Seed_5;12;;;;1.02723;OK
brock/brock200_4.clq;Q1_FI_Seed_6;10;;;;0.050158;
brock/brock200_4.clq;Q1_HC_Seed_6;12;;;;1.01028;OK
brock/brock200_4.clq;Q1_FI_Seed_7;11;;;;0.04702;
brock/brock200_4.clq;Q1_HC_Seed_7;14;;;;1.60052;OK
brock/brock200_4.clq;Q1_FI_Seed_8;12;;;;0.047937;
brock/brock200_4.clq;Q1_HC_Seed_8;13;;;;1.02887;OK
brock/brock200_4.clq;Q1_FI_Seed_9;11;;;;0.05557;
brock/brock200_4.clq;Q1_HC_Seed_9;14;;;;1.7195;OK
brock/brock200_4.clq;Q1_FI_STATS_SUMMARY;;9;12;10.8;0.522968;
brock/brock200_4.clq;Q1_HC_STATS_SUMMARY;;11;14;12.6;12.6138;
brock/brock200_4.clq;Q1_Best_Static;13;;;;0.100868;
brock/brock200_4.clq;Q1_Best_Dynamic;15;;;;5.00545;OK
brock/brock400_1.clq;Q1_FI_Seed_0;17;;;;0.112979;
brock/brock400_1.clq;Q1_HC_Seed_0;19;;;;3.96795;OK
brock/brock400_1.clq;Q1_FI_Seed_1;17;;;;0.179108;
brock/brock400_1.clq;Q1_HC_Seed_1;19;;;;7.0062;OK
brock/brock400_1.clq;Q1_FI_Seed_2;18;;;;0.150596;
brock/brock400_1.clq;Q1_HC_Seed_2;19;;;;5.63799;OK
brock/brock400_1.clq;Q1_FI_Seed_3;16;;;;0.112133;
brock/brock400_1.clq;Q1_HC_Seed_3;20;;;;3.14263;OK
brock/brock400_1.clq;Q1_FI_Seed_4;15;;;;0.052676;
brock/brock400_1.clq;Q1_HC_Seed_4;18;;;;1.51822;OK
brock/brock400_1.clq;Q1_FI_Seed_5;14;;;;0.06277;
brock/brock400_1.clq;Q1_HC_Seed_5;18;;;;2.24707;OK
brock/brock400_1.clq;Q1_FI_Seed_6;16;;;;0.051596;
brock/brock400_1.clq;Q1_HC_Seed_6;18;;;;1.61981;OK
brock/brock400_1.clq;Q1_FI_Seed_7;17;;;;0.054076;
brock/brock400_1.clq;Q1_HC_Seed_7;18;;;;1.54884;OK
brock/brock400_1.clq;Q1_FI_Seed_8;15;;;;0.052881;
brock/brock400_1.clq;Q1_HC_Seed_8;20;;;;3.4195;OK
brock/brock400_1.clq;Q1_FI_Seed_9;17;;;;0.051342;
brock/brock400_1.clq;Q1_HC_Seed_9;18;;;;1.39588;OK
brock/brock400_1.clq;Q1_FI_STATS_SUMMARY;;14;18;16.2;0.880157;
brock/brock400_1.clq;Q1_HC_STATS_SUMMARY;;18;20;18.7;31.5041;
brock/brock400_1.clq;Q1_Best_Static;19;;;;0.110117;
brock/brock400_1.clq;Q1_Best_Dynamic;22;;;;10.96;OK
brock/brock400_2.clq;Q1_FI_Seed_0;17;;;;0.0534;
brock/brock400_2.clq;Q1_HC_Seed_0;20;;;;2.84975;OK
brock/brock400_2.clq;Q1_FI_Seed_1;14;;;;0.049344;
brock/brock400_2.clq;Q1_HC_Seed_1;19;;;;2.44908;OK
brock/brock400_2.clq;Q1_FI_Seed_2;17;;;;0.054089;
brock/brock400_2.clq;Q1_HC_Seed_2;20;;;;2.68419;OK
brock/brock400_2.clq;Q1_FI_Seed_3;16;;;;0.050888;
brock/brock400_2.clq;Q1_HC_Seed_3;20;;;;2.48375;OK
brock/brock400_2.clq;Q1_FI_Seed_4;17;;;;0.050945;
brock/brock400_2.clq;Q1_HC_Seed_4;20;;;;2.19443;OK
brock/brock400_2.clq;Q1_FI_Seed_5;17;;;;0.053019;
brock/brock400_2.clq;Q1_HC_Seed_5;19;;;;2.01768;OK
brock/brock400_2.clq;Q1_FI_Seed_6;18;;;;0.053975;
brock/brock400_2.clq;Q1_HC_Seed_6;20;;;;2.286;OK
brock/brock400_2.clq;Q1_FI_Seed_7;15;;;;0.046883;
brock/brock400_2.clq;Q1_HC_Seed_7;20;;;;2.19293;OK
brock/brock400_2.clq;Q1_FI_Seed_8;17;;;;0.048947;
brock/brock400_2.clq;Q1_HC_Seed_8;19;;;;2.20947;OK
brock/brock400_2.clq;Q1_FI_Seed_9;17;;;;0.049869;
brock/brock400_2.clq;Q1_HC_Seed_9;18;;;;2.0252;OK
brock/brock400_2.clq;Q1_FI_STATS_SUMMARY;;14;18;16.5;0.511359;
brock/brock400_2.clq;Q1_HC_STATS_SUMMARY;;18;20;19.5;23.3925;
brock/brock400_2.clq;Q1_Best_Static;20;;;;0.110114;
brock/brock400_2.clq;Q1_Best_Dynamic;21;;;;11.1116;OK
brock/brock400_3.clq;Q1_FI_Seed_0;17;;;;0.050092;
brock/brock400_3.clq;Q1_HC_Seed_0;18;;;;1.32426;OK
brock/brock400_3.clq;Q1_FI_Seed_1;18;;;;0.051778;
brock/brock400_3.clq;Q1_HC_Seed_1;22;;;;3.08443;OK
brock/brock400_3.clq;Q1_FI_Seed_2;16;;;;0.049492;
brock/brock400_3.clq;Q1_HC_Seed_2;20;;;;1.88853;OK
brock/brock400_3.clq;Q1_FI_Seed_3;17;;;;0.051961;
brock/brock400_3.clq;Q1_HC_Seed_3;20;;;;2.79509;OK
brock/brock400_3.clq;Q1_FI_Seed_4;16;;;;0.050606;
brock/brock400_3.clq;Q1_HC_Seed_4;19;;;;2.19945;OK
brock/brock400_3.clq;Q1_FI_Seed_5;16;;;;0.052198;
brock/brock400_3.clq;Q1_HC_Seed_5;20;;;;3.23742;OK
brock/brock400_3.clq;Q1_FI_Seed_6;18;;;;0.052137;
brock/brock400_3.clq;Q1_HC_Seed_6;22;;;;2.62342;OK
brock/brock400_3.clq;Q1_FI_Seed_7;16;;;;0.049913;
brock/brock400_3.clq;Q1_HC_Seed_7;18;;;;1.92258;OK
brock/brock400_3.clq;Q1_FI_Seed_8;17;;;;0.051747;
brock/brock400_3.clq;Q1_HC_Seed_8;20;;;;2.46135;OK
brock/brock400_3.clq;Q1_FI_Seed_9;14;;;;0.049721;
brock/brock400_3.clq;Q1_HC_Seed_9;18;;;;2.62844;OK
brock/brock400_3.clq;Q1_FI_STATS_SUMMARY;;14;18;16.5;0.509645;
brock/brock400_3.clq;Q1_HC_STATS_SUMMARY;;18;22;19.7;24.165;
brock/brock400_3.clq;Q1_Best_Static;20;;;;0.112945;
brock/brock400_3.clq;Q1_Best_Dynamic;21;;;;10.8968;OK
brock/brock400_4.clq;Q1_FI_Seed_0;17;;;;0.052922;
brock/brock400_4.clq;Q1_HC_Seed_0;20;;;;2.83685;OK
brock/brock400_4.clq;Q1_FI_Seed_1;16;;;;0.049803;
brock/brock400_4.clq;Q1_HC_Seed_1;20;;;;3.33962;OK
brock/brock400_4.clq;Q1_FI_Seed_2;16;;;;0.048;
brock/brock400_4.clq;Q1_HC_Seed_2;19;;;;1.98294;OK
brock/brock400_4.clq;Q1_FI_Seed_3;15;;;;0.050385;
brock/brock400_4.clq;Q1_HC_Seed_3;18;;;;2.09457;OK
brock/brock400_4.clq;Q1_FI_Seed_4;15;;;;0.052326;
brock/brock400_4.clq;Q1_HC_Seed_4;19;;;;2.58069;OK
brock/brock400_4.clq;Q1_FI_Seed_5;19;;;;0.052077;
brock/brock400_4.clq;Q1_HC_Seed_5;20;;;;2.17986;OK
brock/brock400_4.clq;Q1_FI_Seed_6;17;;;;0.048679;
brock/brock400_4.clq;Q1_HC_Seed_6;20;;;;2.859;OK
brock/brock400_4.clq;Q1_FI_Seed_7;17;;;;0.050313;
brock/brock400_4.clq;Q1_HC_Seed_7;19;;;;2.31769;OK
brock/brock400_4.clq;Q1_FI_Seed_8;18;;;;0.052474;
brock/brock400_4.clq;Q1_HC_Seed_8;18;;;;1.24337;OK
brock/brock400_4.clq;Q1_FI_Seed_9;16;;;;0.050227;
brock/brock400_4.clq;Q1_HC_Seed_9;22;;;;4.14016;OK
brock/brock400_4.clq;Q1_FI_STATS_SUMMARY;;15;19;16.6;0.507206;
brock/brock400_4.clq;Q1_HC_STATS_SUMMARY;;18;22;19.5;25.5748;
brock/brock400_4.clq;Q1_Best_Static;18;;;;0.112299;
brock/brock400_4.clq;Q1_Best_Dynamic;23;;;;11.5023;OK
brock/brock800_1.clq;Q1_FI_Seed_0;14;;;;0.077501;
brock/brock800_1.clq;Q1_HC_Seed_0;15;;;;1.91761;OK
brock/brock800_1.clq;Q1_FI_Seed_1;13;;;;0.078963;
brock/brock800_1.clq;Q1_HC_Seed_1;15;;;;2.22061;OK
brock/brock800_1.clq;Q1_FI_Seed_2;15;;;;0.077061;
brock/brock800_1.clq;Q1_HC_Seed_2;18;;;;3.34371;OK
brock/brock800_1.clq;Q1_FI_Seed_3;14;;;;0.077997;
brock/brock800_1.clq;Q1_HC_Seed_3;15;;;;2.21752;OK
brock/brock800_1.clq;Q1_FI_Seed_4;14;;;;0.077175;
brock/brock800_1.clq;Q1_HC_Seed_4;14;;;;1.52219;OK
brock/brock800_1.clq;Q1_FI_Seed_5;12;;;;0.075467;
brock/brock800_1.clq;Q1_HC_Seed_5;15;;;;3.85203;OK
brock/brock800_1.clq;Q1_FI_Seed_6;13;;;;0.080691;
brock/brock800_1.clq;Q1_HC_Seed_6;17;;;;4.39241;OK
brock/brock800_1.clq;Q1_FI_Seed_7;13;;;;0.077582;
brock/brock800_1.clq;Q1_HC_Seed_7;14;;;;1.9386;OK
brock/brock800_1.clq;Q1_FI_Seed_8;14;;;;0.076266;
brock/brock800_1.clq;Q1_HC_Seed_8;17;;;;2.95035;OK
brock/brock800_1.clq;Q1_FI_Seed_9;15;;;;0.079352;
brock/brock800_1.clq;Q1_HC_Seed_9;16;;;;2.05952;OK
brock/brock800_1.clq;Q1_FI_STATS_SUMMARY;;12;15;13.7;0.778055;
brock/brock800_1.clq;Q1_HC_STATS_SUMMARY;;14;18;15.6;26.4146;
brock/brock800_1.clq;Q1_Best_Static;15;;;;0.199341;
brock/brock800_1.clq;Q1_Best_Dynamic;17;;;;31.7158;OK
brock/brock800_2.clq;Q1_FI_Seed_0;14;;;;0.081171;
brock/brock800_2.clq;Q1_HC_Seed_0;16;;;;3.26455;OK
brock/brock800_2.clq;Q1_FI_Seed_1;13;;;;0.080391;
brock/brock800_2.clq;Q1_HC_Seed_1;17;;;;3.27751;OK
brock/brock800_2.clq;Q1_FI_Seed_2;12;;;;0.079359;
brock/brock800_2.clq;Q1_HC_Seed_2;15;;;;2.93328;OK
brock/brock800_2.clq;Q1_FI_Seed_3;13;;;;0.080618;
brock/brock800_2.clq;Q1_HC_Seed_3;17;;;;4.31775;OK
brock/brock800_2.clq;Q1_FI_Seed_4;16;;;;0.085859;
brock/brock800_2.clq;Q1_HC_Seed_4;18;;;;3.455;OK
brock/brock800_2.clq;Q1_FI_Seed_5;13;;;;0.078913;
brock/brock800_2.clq;Q1_HC_Seed_5;16;;;;3.52153;OK
brock/brock800_2.clq;Q1_FI_Seed_6;12;;;;0.077304;
brock/brock800_2.clq;Q1_HC_Seed_6;15;;;;3.44792;OK
brock/brock800_2.clq;Q1_FI_Seed_7;14;;;;0.08195;
brock/brock800_2.clq;Q1_HC_Seed_7;16;;;;2.1675;OK
brock/brock800_2.clq;Q1_FI_Seed_8;13;;;;0.081638;
brock/brock800_2.clq;Q1_HC_Seed_8;16;;;;4.15294;OK
brock/brock800_2.clq;Q1_FI_Seed_9;14;;;;0.080681;
brock/brock800_2.clq;Q1_HC_Seed_9;16;;;;3.59076;OK
brock/brock800_2.clq;Q1_FI_STATS_SUMMARY;;12;16;13.4;0.807884;
brock/brock800_2.clq;Q1_HC_STATS_SUMMARY;;15;18;16.2;34.1287;
brock/brock800_2.clq;Q1_Best_Static;15;;;;0.196379;
brock/brock800_2.clq;Q1_Best_Dynamic;18;;;;32.1002;OK
brock/brock800_3.clq;Q1_FI_Seed_0;12;;;;0.079092;
brock/brock800_3.clq;Q1_HC_Seed_0;16;;;;4.11402;OK
brock/brock800_3.clq;Q1_FI_Seed_1;14;;;;0.076644;
brock/brock800_3.clq;Q1_HC_Seed_1;16;;;;2.12509;OK
brock/brock800_3.clq;Q1_FI_Seed_2;17;;;;0.081062;
brock/brock800_3.clq;Q1_HC_Seed_2;18;;;;3.40094;OK
brock/brock800_3.clq;Q1_FI_Seed_3;14;;;;0.078483;
brock/brock800_3.clq;Q1_HC_Seed_3;15;;;;2.04147;OK
brock/brock800_3.clq;Q1_FI_Seed_4;14;;;;0.075523;
brock/brock800_3.clq;Q1_HC_Seed_4;16;;;;3.26309;OK
brock/brock800_3.clq;Q1_FI_Seed_5;13;;;;0.076078;
brock/brock800_3.clq;Q1_HC_Seed_5;17;;;;4.15707;OK
brock/brock800_3.clq;Q1_FI_Seed_6;13;;;;0.077114;
brock/brock800_3.clq;Q1_HC_Seed_6;15;;;;2.45429;OK
brock/brock800_3.clq;Q1_FI_Seed_7;14;;;;0.079423;
brock/brock800_3.clq;Q1_HC_Seed_7;17;;;;3.67523;OK
brock/brock800_3.clq;Q1_FI_Seed_8;16;;;;0.084225;
brock/brock800_3.clq;Q1_HC_Seed_8;16;;;;1.88201;OK
brock/brock800_3.clq;Q1_FI_Seed_9;14;;;;0.082083;
brock/brock800_3.clq;Q1_HC_Seed_9;18;;;;4.78788;OK
brock/brock800_3.clq;Q1_FI_STATS_SUMMARY;;12;17;14.1;0.789727;
brock/brock800_3.clq;Q1_HC_STATS_SUMMARY;;15;18;16.4;31.9011;
brock/brock800_3.clq;Q1_Best_Static;14;;;;0.200268;
brock/brock800_3.clq;Q1_Best_Dynamic;18;;;;31.8207;OK
brock/brock800_4.clq;Q1_FI_Seed_0;14;;;;0.080095;
brock/brock800_4.clq;Q1_HC_Seed_0;16;;;;3.31461;OK
brock/brock800_4.clq;Q1_FI_Seed_1;12;;;;0.077594;
brock/brock800_4.clq;Q1_HC_Seed_1;15;;;;2.76879;OK
brock/brock800_4.clq;Q1_FI_Seed_2;14;;;;0.081657;
brock/brock800_4.clq;Q1_HC_Seed_2;15;;;;1.99691;OK
brock/brock800_4.clq;Q1_FI_Seed_3;14;;;;0.08719;
brock/brock800_4.clq;Q1_HC_Seed_3;17;;;;3.61828;OK
brock/brock800_4.clq;Q1_FI_Seed_4;14;;;;0.084725;
brock/brock800_4.clq;Q1_HC_Seed_4;17;;;;3.37456;OK
brock/brock800_4.clq;Q1_FI_Seed_5;12;;;;0.0817;
brock/brock800_4.clq;Q1_HC_Seed_5;15;;;;2.7617;OK
brock/brock800_4.clq;Q1_FI_Seed_6;15;;;;0.078881;
brock/brock800_4.clq;Q1_HC_Seed_6;16;;;;2.4855;OK
brock/brock800_4.clq;Q1_FI_Seed_7;17;;;;0.077245;
brock/brock800_4.clq;Q1_HC_Seed_7;17;;;;1.96462;OK
brock/brock800_4.clq;Q1_FI_Seed_8;14;;;;0.078042;
brock/brock800_4.clq;Q1_HC_Seed_8;16;;;;2.76554;OK
brock/brock800_4.clq;Q1_FI_Seed_9;13;;;;0.082236;
brock/brock800_4.clq;Q1_HC_Seed_9;17;;;;3.46064;OK
brock/brock800_4.clq;Q1_FI_STATS_SUMMARY;;12;17;13.9;0.809365;
brock/brock800_4.clq;Q1_HC_STATS_SUMMARY;;15;17;16.1;28.5111;
brock/brock800_4.clq;Q1_Best_Static;14;;;;0.208246;
brock/brock800_4.clq;Q1_Best_Dynamic;18;;;;31.6835;OK
C/C125.9.clq;Q1_FI_Seed_0;24;;;;0.032733;
C/C125.9.clq;Q1_HC_Seed_0;30;;;;1.9751;OK
C/C125.9.clq;Q1_FI_Seed_1;26;;;;0.02864;
C/C125.9.clq;Q1_HC_Seed_1;32;;;;2.36476;OK
C/C125.9.clq;Q1_FI_Seed_2;27;;;;0.029542;
C/C125.9.clq;Q1_HC_Seed_2;28;;;;0.910351;OK
C/C125.9.clq;Q1_FI_Seed_3;24;;;;0.031125;
C/C125.9.clq;Q1_HC_Seed_3;31;;;;2.69887;OK
C/C125.9.clq;Q1_FI_Seed_4;30;;;;0.031123;
C/C125.9.clq;Q1_HC_Seed_4;33;;;;1.93331;OK
C/C125.9.clq;Q1_FI_Seed_5;26;;;;0.032278;
C/C125.9.clq;Q1_HC_Seed_5;29;;;;1.31044;OK
C/C125.9.clq;Q1_FI_Seed_6;27;;;;0.034684;
C/C125.9.clq;Q1_HC_Seed_6;33;;;;2.63076;OK
C/C125.9.clq;Q1_FI_Seed_7;23;;;;0.028541;
C/C125.9.clq;Q1_HC_Seed_7;32;;;;2.55642;OK
C/C125.9.clq;Q1_FI_Seed_8;25;;;;0.0296;
C/C125.9.clq;Q1_HC_Seed_8;29;;;;1.18143;OK
C/C125.9.clq;Q1_FI_Seed_9;25;;;;0.028625;
C/C125.9.clq;Q1_HC_Seed_9;26;;;;1.12749;OK
C/C125.9.clq;Q1_FI_STATS_SUMMARY;;23;30;25.7;0.306891;
C/C125.9.clq;Q1_HC_STATS_SUMMARY;;26;33;30.3;18.6889;
C/C125.9.clq;Q1_Best_Static;29;;;;0.053199;
C/C125.9.clq;Q1_Best_Dynamic;31;;;;3.09097;OK
C/C250.9.clq;Q1_FI_Seed_0;32;;;;0.06212;
C/C250.9.clq;Q1_HC_Seed_0;39;;;;8.70899;OK
C/C250.9.clq;Q1_FI_Seed_1;32;;;;0.059513;
C/C250.9.clq;Q1_HC_Seed_1;39;;;;7.78093;OK
C/C250.9.clq;Q1_FI_Seed_2;32;;;;0.060043;
C/C250.9.clq;Q1_HC_Seed_2;35;;;;4.63797;OK
C/C250.9.clq;Q1_FI_Seed_3;29;;;;0.056268;
C/C250.9.clq;Q1_HC_Seed_3;37;;;;7.2621;OK
C/C250.9.clq;Q1_FI_Seed_4;31;;;;0.061022;
C/C250.9.clq;Q1_HC_Seed_4;36;;;;3.50861;OK
C/C250.9.clq;Q1_FI_Seed_5;30;;;;0.061765;
C/C250.9.clq;Q1_HC_Seed_5;36;;;;7.06716;OK
C/C250.9.clq;Q1_FI_Seed_6;29;;;;0.060686;
C/C250.9.clq;Q1_HC_Seed_6;38;;;;9.66677;OK
C/C250.9.clq;Q1_FI_Seed_7;29;;;;0.058532;
C/C250.9.clq;Q1_HC_Seed_7;35;;;;5.9802;OK
C/C250.9.clq;Q1_FI_Seed_8;31;;;;0.058064;
C/C250.9.clq;Q1_HC_Seed_8;38;;;;7.05281;OK
C/C250.9.clq;Q1_FI_Seed_9;31;;;;0.061751;
C/C250.9.clq;Q1_HC_Seed_9;35;;;;6.39358;OK
C/C250.9.clq;Q1_FI_STATS_SUMMARY;;29;32;30.6;0.599764;
C/C250.9.clq;Q1_HC_STATS_SUMMARY;;35;39;36.8;68.0591;
C/C250.9.clq;Q1_Best_Static;38;;;;0.104508;
C/C250.9.clq;Q1_Best_Dynamic;42;;;;10.8438;OK
C/C500.9.clq;Q1_FI_Seed_0;40;;;;0.123599;
C/C500.9.clq;Q1_HC_Seed_0;42;;;;7.84793;OK
C/C500.9.clq;Q1_FI_Seed_1;43;;;;0.125579;
C/C500.9.clq;Q1_HC_Seed_1;44;;;;7.98539;OK
C/C500.9.clq;Q1_FI_Seed_2;38;;;;0.120133;
C/C500.9.clq;Q1_HC_Seed_2;42;;;;11.8767;OK
C/C500.9.clq;Q1_FI_Seed_3;40;;;;0.116845;
C/C500.9.clq;Q1_HC_Seed_3;43;;;;11.9235;OK
C/C500.9.clq;Q1_FI_Seed_4;34;;;;0.121256;
C/C500.9.clq;Q1_HC_Seed_4;45;;;;22.7223;OK
C/C500.9.clq;Q1_FI_Seed_5;40;;;;0.128243;
C/C500.9.clq;Q1_HC_Seed_5;44;;;;14.0117;OK
C/C500.9.clq;Q1_FI_Seed_6;38;;;;0.12781;
C/C500.9.clq;Q1_HC_Seed_6;47;;;;29.4032;OK
C/C500.9.clq;Q1_FI_Seed_7;37;;;;0.125114;
C/C500.9.clq;Q1_HC_Seed_7;43;;;;13.6637;OK
C/C500.9.clq;Q1_FI_Seed_8;38;;;;0.116988;
C/C500.9.clq;Q1_HC_Seed_8;43;;;;9.73124;OK
C/C500.9.clq;Q1_FI_Seed_9;41;;;;0.115391;
C/C500.9.clq;Q1_HC_Seed_9;45;;;;16.8657;OK
C/C500.9.clq;Q1_FI_STATS_SUMMARY;;34;43;38.9;1.22096;
C/C500.9.clq;Q1_HC_STATS_SUMMARY;;42;47;43.8;146.031;
C/C500.9.clq;Q1_Best_Static;43;;;;0.217258;
C/C500.9.clq;Q1_Best_Dynamic;52;;;;44.7039;OK
C/C1000.9.clq;Q1_FI_Seed_0;46;;;;0.234905;
C/C1000.9.clq;Q1_HC_Seed_0;55;;;;66.999;OK
C/C1000.9.clq;Q1_FI_Seed_1;45;;;;0.250952;
C/C1000.9.clq;Q1_HC_Seed_1;50;;;;28.1858;OK
C/C1000.9.clq;Q1_FI_Seed_2;45;;;;0.232395;
C/C1000.9.clq;Q1_HC_Seed_2;50;;;;26.2698;OK
C/C1000.9.clq;Q1_FI_Seed_3;44;;;;0.236325;
C/C1000.9.clq;Q1_HC_Seed_3;51;;;;49.5625;OK
C/C1000.9.clq;Q1_FI_Seed_4;50;;;;0.241553;
C/C1000.9.clq;Q1_HC_Seed_4;54;;;;39.4882;OK
C/C1000.9.clq;Q1_FI_Seed_5;45;;;;0.249889;
C/C1000.9.clq;Q1_HC_Seed_5;54;;;;64.9597;OK
C/C1000.9.clq;Q1_FI_Seed_6;46;;;;0.254662;
C/C1000.9.clq;Q1_HC_Seed_6;58;;;;95.0982;OK
C/C1000.9.clq;Q1_FI_Seed_7;43;;;;0.219687;
C/C1000.9.clq;Q1_HC_Seed_7;54;;;;78.1275;OK
C/C1000.9.clq;Q1_FI_Seed_8;43;;;;0.243924;
C/C1000.9.clq;Q1_HC_Seed_8;55;;;;57.7516;OK
C/C1000.9.clq;Q1_FI_Seed_9;45;;;;0.227331;
C/C1000.9.clq;Q1_HC_Seed_9;51;;;;25.8286;OK
C/C1000.9.clq;Q1_FI_STATS_SUMMARY;;43;50;45.2;2.39162;
C/C1000.9.clq;Q1_HC_STATS_SUMMARY;;50;58;53.2;532.271;
C/C1000.9.clq;Q1_Best_Static;53;;;;0.441319;
C/C1000.9.clq;Q1_Best_Dynamic;62;;;;157.753;OK
C/C2000.5.clq;Q1_FI_Seed_0;11;;;;0.157444;
C/C2000.5.clq;Q1_HC_Seed_0;11;;;;2.65839;OK
C/C2000.5.clq;Q1_FI_Seed_1;11;;;;0.154476;
C/C2000.5.clq;Q1_HC_Seed_1;11;;;;2.62317;OK
C/C2000.5.clq;Q1_FI_Seed_2;11;;;;0.16008;
C/C2000.5.clq;Q1_HC_Seed_2;12;;;;4.98005;OK
C/C2000.5.clq;Q1_FI_Seed_3;11;;;;0.158078;
C/C2000.5.clq;Q1_HC_Seed_3;11;;;;2.5116;OK
C/C2000.5.clq;Q1_FI_Seed_4;11;;;;0.155738;
C/C2000.5.clq;Q1_HC_Seed_4;12;;;;3.66407;OK
C/C2000.5.clq;Q1_FI_Seed_5;10;;;;0.157903;
C/C2000.5.clq;Q1_HC_Seed_5;12;;;;5.13766;OK
C/C2000.5.clq;Q1_FI_Seed_6;11;;;;0.154968;
C/C2000.5.clq;Q1_HC_Seed_6;12;;;;3.87641;OK
C/C2000.5.clq;Q1_FI_Seed_7;10;;;;0.162875;
C/C2000.5.clq;Q1_HC_Seed_7;12;;;;5.08845;OK
C/C2000.5.clq;Q1_FI_Seed_8;10;;;;0.15207;
C/C2000.5.clq;Q1_HC_Seed_8;12;;;;4.38813;OK
C/C2000.5.clq;Q1_FI_Seed_9;12;;;;0.161769;
C/C2000.5.clq;Q1_HC_Seed_9;12;;;;2.77365;OK
C/C2000.5.clq;Q1_FI_STATS_SUMMARY;;10;12;10.8;1.5754;
C/C2000.5.clq;Q1_HC_STATS_SUMMARY;;11;12;11.7;37.7016;
C/C2000.5.clq;Q1_Best_Static;10;;;;0.493104;
C/C2000.5.clq;Q1_Best_Dynamic;0;;;;0;SKIP_TOO_LARGE
C/C2000.9.clq;Q1_FI_Seed_0;49;;;;0.506898;
C/C2000.9.clq;Q1_HC_Seed_0;62;;;;161.047;OK
C/C2000.9.clq;Q1_FI_Seed_1;50;;;;0.480776;
C/C2000.9.clq;Q1_HC_Seed_1;62;;;;200.477;OK
C/C2000.9.clq;Q1_FI_Seed_2;48;;;;0.463047;
C/C2000.9.clq;Q1_HC_Seed_2;58;;;;109.799;OK
C/C2000.9.clq;Q1_FI_Seed_3;52;;;;0.476212;
C/C2000.9.clq;Q1_HC_Seed_3;58;;;;97.2842;OK
C/C2000.9.clq;Q1_FI_Seed_4;54;;;;0.473255;
C/C2000.9.clq;Q1_HC_Seed_4;62;;;;179.955;OK
C/C2000.9.clq;Q1_FI_Seed_5;53;;;;0.48996;
C/C2000.9.clq;Q1_HC_Seed_5;55;;;;52.2081;OK
C/C2000.9.clq;Q1_FI_Seed_6;51;;;;0.49281;
C/C2000.9.clq;Q1_HC_Seed_6;61;;;;153.692;OK
C/C2000.9.clq;Q1_FI_Seed_7;52;;;;0.47735;
C/C2000.9.clq;Q1_HC_Seed_7;62;;;;136.773;OK
C/C2000.9.clq;Q1_FI_Seed_8;54;;;;0.477749;
C/C2000.9.clq;Q1_HC_Seed_8;62;;;;113.95;OK
C/C2000.9.clq;Q1_FI_Seed_9;48;;;;0.469971;
C/C2000.9.clq;Q1_HC_Seed_9;59;;;;114.992;OK
C/C2000.9.clq;Q1_FI_STATS_SUMMARY;;48;54;51.1;4.80803;
C/C2000.9.clq;Q1_HC_STATS_SUMMARY;;55;62;60.1;1320.18;
C/C2000.9.clq;Q1_Best_Static;59;;;;0.860235;
C/C2000.9.clq;Q1_Best_Dynamic;0;;;;0;SKIP_TOO_LARGE
C/C4000.5.clq;Q1_FI_Seed_0;11;;;;0.315288;
C/C4000.5.clq;Q1_HC_Seed_0;12;;;;9.50033;OK
C/C4000.5.clq;Q1_FI_Seed_1;11;;;;0.299401;
C/C4000.5.clq;Q1_HC_Seed_1;13;;;;10.0828;OK
C/C4000.5.clq;Q1_FI_Seed_2;11;;;;0.308375;
C/C4000.5.clq;Q1_HC_Seed_2;14;;;;12.0796;OK
C/C4000.5.clq;Q1_FI_Seed_3;13;;;;0.311569;
C/C4000.5.clq;Q1_HC_Seed_3;13;;;;6.09264;OK
C/C4000.5.clq;Q1_FI_Seed_4;11;;;;0.298783;
C/C4000.5.clq;Q1_HC_Seed_4;13;;;;7.13885;OK
C/C4000.5.clq;Q1_FI_Seed_5;11;;;;0.307725;
C/C4000.5.clq;Q1_HC_Seed_5;13;;;;8.70659;OK
C/C4000.5.clq;Q1_FI_Seed_6;11;;;;0.293485;
C/C4000.5.clq;Q1_HC_Seed_6;13;;;;7.60173;OK
C/C4000.5.clq;Q1_FI_Seed_7;12;;;;0.307593;
C/C4000.5.clq;Q1_HC_Seed_7;13;;;;6.88602;OK
C/C4000.5.clq;Q1_FI_Seed_8;12;;;;0.301915;
C/C4000.5.clq;Q1_HC_Seed_8;13;;;;9.88657;OK
C/C4000.5.clq;Q1_FI_Seed_9;13;;;;0.31173;
C/C4000.5.clq;Q1_HC_Seed_9;13;;;;6.22292;OK
C/C4000.5.clq;Q1_FI_STATS_SUMMARY;;11;13;11.6;3.05586;
C/C4000.5.clq;Q1_HC_STATS_SUMMARY;;12;14;13;84.1981;
C/C4000.5.clq;Q1_Best_Static;12;;;;1.05084;
C/C4000.5.clq;Q1_Best_Dynamic;0;;;;0;SKIP_TOO_LARGE
c-fat/c-fat200-1.clq;Q1_FI_Seed_0;10;;;;0.016436;
c-fat/c-fat200-1.clq;Q1_HC_Seed_0;10;;;;0.155256;OK
c-fat/c-fat200-1.clq;Q1_FI_Seed_1;10;;;;0.014646;
c-fat/c-fat200-1.clq;Q1_HC_Seed_1;10;;;;0.155519;OK
c-fat/c-fat200-1.clq;Q1_FI_Seed_2;12;;;;0.015453;
c-fat/c-fat200-1.clq;Q1_HC_Seed_2;12;;;;0.185682;OK
c-fat/c-fat200-1.clq;Q1_FI_Seed_3;10;;;;0.014292;
c-fat/c-fat200-1.clq;Q1_HC_Seed_3;10;;;;0.148068;OK
c-fat/c-fat200-1.clq;Q1_FI_Seed_4;12;;;;0.015141;
c-fat/c-fat200-1.clq;Q1_HC_Seed_4;12;;;;0.18524;OK
c-fat/c-fat200-1.clq;Q1_FI_Seed_5;10;;;;0.014336;
c-fat/c-fat200-1.clq;Q1_HC_Seed_5;10;;;;0.149638;OK
c-fat/c-fat200-1.clq;Q1_FI_Seed_6;12;;;;0.015227;
c-fat/c-fat200-1.clq;Q1_HC_Seed_6;12;;;;0.183359;OK
c-fat/c-fat200-1.clq;Q1_FI_Seed_7;12;;;;0.015033;
c-fat/c-fat200-1.clq;Q1_HC_Seed_7;12;;;;0.186204;OK
c-fat/c-fat200-1.clq;Q1_FI_Seed_8;10;;;;0.01464;
c-fat/c-fat200-1.clq;Q1_HC_Seed_8;10;;;;0.150185;OK
c-fat/c-fat200-1.clq;Q1_FI_Seed_9;10;;;;0.014502;
c-fat/c-fat200-1.clq;Q1_HC_Seed_9;10;;;;0.147645;OK
c-fat/c-fat200-1.clq;Q1_FI_STATS_SUMMARY;;10;12;10.8;0.149706;
c-fat/c-fat200-1.clq;Q1_HC_STATS_SUMMARY;;10;12;10.8;1.6468;
c-fat/c-fat200-1.clq;Q1_Best_Static;12;;;;0.029246;
c-fat/c-fat200-1.clq;Q1_Best_Dynamic;12;;;;0.904146;OK
c-fat/c-fat200-2.clq;Q1_FI_Seed_0;22;;;;0.019208;
c-fat/c-fat200-2.clq;Q1_HC_Seed_0;22;;;;0.446344;OK
c-fat/c-fat200-2.clq;Q1_FI_Seed_1;22;;;;0.018465;
c-fat/c-fat200-2.clq;Q1_HC_Seed_1;22;;;;0.457101;OK
c-fat/c-fat200-2.clq;Q1_FI_Seed_2;22;;;;0.01965;
c-fat/c-fat200-2.clq;Q1_HC_Seed_2;22;;;;0.451688;OK
c-fat/c-fat200-2.clq;Q1_FI_Seed_3;22;;;;0.019776;
c-fat/c-fat200-2.clq;Q1_HC_Seed_3;22;;;;0.442858;OK
c-fat/c-fat200-2.clq;Q1_FI_Seed_4;22;;;;0.019752;
c-fat/c-fat200-2.clq;Q1_HC_Seed_4;22;;;;0.453536;OK
c-fat/c-fat200-2.clq;Q1_FI_Seed_5;22;;;;0.019345;
c-fat/c-fat200-2.clq;Q1_HC_Seed_5;22;;;;0.453217;OK
c-fat/c-fat200-2.clq;Q1_FI_Seed_6;22;;;;0.019266;
c-fat/c-fat200-2.clq;Q1_HC_Seed_6;22;;;;0.449673;OK
c-fat/c-fat200-2.clq;Q1_FI_Seed_7;22;;;;0.0188;
c-fat/c-fat200-2.clq;Q1_HC_Seed_7;22;;;;0.452417;OK
c-fat/c-fat200-2.clq;Q1_FI_Seed_8;23;;;;0.020257;
c-fat/c-fat200-2.clq;Q1_HC_Seed_8;23;;;;0.506194;OK
c-fat/c-fat200-2.clq;Q1_FI_Seed_9;24;;;;0.019409;
c-fat/c-fat200-2.clq;Q1_HC_Seed_9;24;;;;0.541582;OK
c-fat/c-fat200-2.clq;Q1_FI_STATS_SUMMARY;;22;24;22.3;0.193928;
c-fat/c-fat200-2.clq;Q1_HC_STATS_SUMMARY;;22;24;22.3;4.65461;
c-fat/c-fat200-2.clq;Q1_Best_Static;24;;;;0.036106;
c-fat/c-fat200-2.clq;Q1_Best_Dynamic;24;;;;1.07539;OK
c-fat/c-fat200-5.clq;Q1_FI_Seed_0;57;;;;0.047743;
c-fat/c-fat200-5.clq;Q1_HC_Seed_0;57;;;;1.96514;OK
c-fat/c-fat200-5.clq;Q1_FI_Seed_1;57;;;;0.048207;
c-fat/c-fat200-5.clq;Q1_HC_Seed_1;57;;;;1.92565;OK
c-fat/c-fat200-5.clq;Q1_FI_Seed_2;56;;;;0.046598;
c-fat/c-fat200-5.clq;Q1_HC_Seed_2;56;;;;2.07618;OK
c-fat/c-fat200-5.clq;Q1_FI_Seed_3;58;;;;0.050462;
c-fat/c-fat200-5.clq;Q1_HC_Seed_3;58;;;;2.38117;OK
c-fat/c-fat200-5.clq;Q1_FI_Seed_4;58;;;;0.0503;
c-fat/c-fat200-5.clq;Q1_HC_Seed_4;58;;;;2.09691;OK
c-fat/c-fat200-5.clq;Q1_FI_Seed_5;58;;;;0.050052;
c-fat/c-fat200-5.clq;Q1_HC_Seed_5;58;;;;1.97863;OK
c-fat/c-fat200-5.clq;Q1_FI_Seed_6;56;;;;0.046969;
c-fat/c-fat200-5.clq;Q1_HC_Seed_6;56;;;;1.92401;OK
c-fat/c-fat200-5.clq;Q1_FI_Seed_7;58;;;;0.049298;
c-fat/c-fat200-5.clq;Q1_HC_Seed_7;58;;;;1.99398;OK
c-fat/c-fat200-5.clq;Q1_FI_Seed_8;56;;;;0.049716;
c-fat/c-fat200-5.clq;Q1_HC_Seed_8;56;;;;1.94915;OK
c-fat/c-fat200-5.clq;Q1_FI_Seed_9;56;;;;0.047142;
c-fat/c-fat200-5.clq;Q1_HC_Seed_9;56;;;;1.88948;OK
c-fat/c-fat200-5.clq;Q1_FI_STATS_SUMMARY;;56;58;57;0.486487;
c-fat/c-fat200-5.clq;Q1_HC_STATS_SUMMARY;;56;58;57;20.1803;
c-fat/c-fat200-5.clq;Q1_Best_Static;58;;;;0.062082;
c-fat/c-fat200-5.clq;Q1_Best_Dynamic;58;;;;4.40034;OK
c-fat/c-fat500-1.clq;Q1_FI_Seed_0;12;;;;0.029594;
c-fat/c-fat500-1.clq;Q1_HC_Seed_0;12;;;;0.485217;OK
c-fat/c-fat500-1.clq;Q1_FI_Seed_1;12;;;;0.027988;
c-fat/c-fat500-1.clq;Q1_HC_Seed_1;12;;;;0.478979;OK
c-fat/c-fat500-1.clq;Q1_FI_Seed_2;14;;;;0.028436;
c-fat/c-fat500-1.clq;Q1_HC_Seed_2;14;;;;0.579515;OK
c-fat/c-fat500-1.clq;Q1_FI_Seed_3;14;;;;0.028435;
c-fat/c-fat500-1.clq;Q1_HC_Seed_3;14;;;;0.565862;OK
c-fat/c-fat500-1.clq;Q1_FI_Seed_4;12;;;;0.029019;
c-fat/c-fat500-1.clq;Q1_HC_Seed_4;12;;;;0.471117;OK
c-fat/c-fat500-1.clq;Q1_FI_Seed_5;14;;;;0.02907;
c-fat/c-fat500-1.clq;Q1_HC_Seed_5;14;;;;0.573697;OK
c-fat/c-fat500-1.clq;Q1_FI_Seed_6;12;;;;0.028332;
c-fat/c-fat500-1.clq;Q1_HC_Seed_6;12;;;;0.485618;OK
c-fat/c-fat500-1.clq;Q1_FI_Seed_7;12;;;;0.02798;
c-fat/c-fat500-1.clq;Q1_HC_Seed_7;12;;;;0.480974;OK
c-fat/c-fat500-1.clq;Q1_FI_Seed_8;12;;;;0.027617;
c-fat/c-fat500-1.clq;Q1_HC_Seed_8;12;;;;0.479283;OK
c-fat/c-fat500-1.clq;Q1_FI_Seed_9;14;;;;0.028205;
c-fat/c-fat500-1.clq;Q1_HC_Seed_9;14;;;;0.5998;OK
c-fat/c-fat500-1.clq;Q1_FI_STATS_SUMMARY;;12;14;12.8;0.284676;
c-fat/c-fat500-1.clq;Q1_HC_STATS_SUMMARY;;12;14;12.8;5.20006;
c-fat/c-fat500-1.clq;Q1_Best_Static;14;;;;0.080453;
c-fat/c-fat500-1.clq;Q1_Best_Dynamic;14;;;;5.20034;OK
c-fat/c-fat500-2.clq;Q1_FI_Seed_0;24;;;;0.033644;
c-fat/c-fat500-2.clq;Q1_HC_Seed_0;24;;;;1.31631;OK
c-fat/c-fat500-2.clq;Q1_FI_Seed_1;26;;;;0.034966;
c-fat/c-fat500-2.clq;Q1_HC_Seed_1;26;;;;1.50679;OK
c-fat/c-fat500-2.clq;Q1_FI_Seed_2;26;;;;0.034373;
c-fat/c-fat500-2.clq;Q1_HC_Seed_2;26;;;;1.49815;OK
c-fat/c-fat500-2.clq;Q1_FI_Seed_3;26;;;;0.033881;
c-fat/c-fat500-2.clq;Q1_HC_Seed_3;26;;;;1.50513;OK
c-fat/c-fat500-2.clq;Q1_FI_Seed_4;24;;;;0.03317;
c-fat/c-fat500-2.clq;Q1_HC_Seed_4;24;;;;1.29666;OK
c-fat/c-fat500-2.clq;Q1_FI_Seed_5;26;;;;0.03526;
c-fat/c-fat500-2.clq;Q1_HC_Seed_5;26;;;;1.49933;OK
c-fat/c-fat500-2.clq;Q1_FI_Seed_6;26;;;;0.03535;
c-fat/c-fat500-2.clq;Q1_HC_Seed_6;26;;;;1.49034;OK
c-fat/c-fat500-2.clq;Q1_FI_Seed_7;26;;;;0.034275;
c-fat/c-fat500-2.clq;Q1_HC_Seed_7;26;;;;1.47797;OK
c-fat/c-fat500-2.clq;Q1_FI_Seed_8;26;;;;0.034728;
c-fat/c-fat500-2.clq;Q1_HC_Seed_8;26;;;;1.49604;OK
c-fat/c-fat500-2.clq;Q1_FI_Seed_9;26;;;;0.034392;
c-fat/c-fat500-2.clq;Q1_HC_Seed_9;26;;;;1.4668;OK
c-fat/c-fat500-2.clq;Q1_FI_STATS_SUMMARY;;24;26;25.6;0.344039;
c-fat/c-fat500-2.clq;Q1_HC_STATS_SUMMARY;;24;26;25.6;14.5535;
c-fat/c-fat500-2.clq;Q1_Best_Static;26;;;;0.081402;
c-fat/c-fat500-2.clq;Q1_Best_Dynamic;26;;;;5.55342;OK
c-fat/c-fat500-5.clq;Q1_FI_Seed_0;62;;;;0.068356;
c-fat/c-fat500-5.clq;Q1_HC_Seed_0;62;;;;6.22384;OK
c-fat/c-fat500-5.clq;Q1_FI_Seed_1;62;;;;0.068832;
c-fat/c-fat500-5.clq;Q1_HC_Seed_1;62;;;;6.17564;OK
c-fat/c-fat500-5.clq;Q1_FI_Seed_2;62;;;;0.071245;
c-fat/c-fat500-5.clq;Q1_HC_Seed_2;62;;;;6.19498;OK
c-fat/c-fat500-5.clq;Q1_FI_Seed_3;62;;;;0.068034;
c-fat/c-fat500-5.clq;Q1_HC_Seed_3;62;;;;6.24204;OK
c-fat/c-fat500-5.clq;Q1_FI_Seed_4;62;;;;0.065747;
c-fat/c-fat500-5.clq;Q1_HC_Seed_4;62;;;;6.15279;OK
c-fat/c-fat500-5.clq;Q1_FI_Seed_5;63;;;;0.07252;
c-fat/c-fat500-5.clq;Q1_HC_Seed_5;63;;;;6.33606;OK
c-fat/c-fat500-5.clq;Q1_FI_Seed_6;62;;;;0.077335;
c-fat/c-fat500-5.clq;Q1_HC_Seed_6;62;;;;6.20377;OK
c-fat/c-fat500-5.clq;Q1_FI_Seed_7;64;;;;0.068789;
c-fat/c-fat500-5.clq;Q1_HC_Seed_7;64;;;;6.41107;OK
c-fat/c-fat500-5.clq;Q1_FI_Seed_8;62;;;;0.069027;
c-fat/c-fat500-5.clq;Q1_HC_Seed_8;62;;;;6.17335;OK
c-fat/c-fat500-5.clq;Q1_FI_Seed_9;64;;;;0.070246;
c-fat/c-fat500-5.clq;Q1_HC_Seed_9;64;;;;6.5165;OK
c-fat/c-fat500-5.clq;Q1_FI_STATS_SUMMARY;;62;64;62.5;0.700131;
c-fat/c-fat500-5.clq;Q1_HC_STATS_SUMMARY;;62;64;62.5;62.63;
c-fat/c-fat500-5.clq;Q1_Best_Static;64;;;;0.12129;
c-fat/c-fat500-5.clq;Q1_Best_Dynamic;64;;;;9.95205;OK
c-fat/c-fat500-10.clq;Q1_FI_Seed_0;124;;;;0.187074;
c-fat/c-fat500-10.clq;Q1_HC_Seed_0;124;;;;20.7563;OK
c-fat/c-fat500-10.clq;Q1_FI_Seed_1;126;;;;0.199528;
c-fat/c-fat500-10.clq;Q1_HC_Seed_1;126;;;;20.8098;OK
c-fat/c-fat500-10.clq;Q1_FI_Seed_2;124;;;;0.188317;
c-fat/c-fat500-10.clq;Q1_HC_Seed_2;124;;;;20.5537;OK
c-fat/c-fat500-10.clq;Q1_FI_Seed_3;124;;;;0.18864;
c-fat/c-fat500-10.clq;Q1_HC_Seed_3;124;;;;20.7282;OK
c-fat/c-fat500-10.clq;Q1_FI_Seed_4;124;;;;0.191784;
c-fat/c-fat500-10.clq;Q1_HC_Seed_4;124;;;;20.6951;OK
c-fat/c-fat500-10.clq;Q1_FI_Seed_5;125;;;;0.188116;
c-fat/c-fat500-10.clq;Q1_HC_Seed_5;125;;;;20.725;OK
c-fat/c-fat500-10.clq;Q1_FI_Seed_6;126;;;;0.193206;
c-fat/c-fat500-10.clq;Q1_HC_Seed_6;126;;;;21.227;OK
c-fat/c-fat500-10.clq;Q1_FI_Seed_7;126;;;;0.194149;
c-fat/c-fat500-10.clq;Q1_HC_Seed_7;126;;;;21.2754;OK
c-fat/c-fat500-10.clq;Q1_FI_Seed_8;125;;;;0.191945;
c-fat/c-fat500-10.clq;Q1_HC_Seed_8;125;;;;21.0477;OK
c-fat/c-fat500-10.clq;Q1_FI_Seed_9;126;;;;0.202181;
c-fat/c-fat500-10.clq;Q1_HC_Seed_9;126;;;;20.9836;OK
c-fat/c-fat500-10.clq;Q1_FI_STATS_SUMMARY;;124;126;125;1.92494;
c-fat/c-fat500-10.clq;Q1_HC_STATS_SUMMARY;;124;126;125;208.802;
c-fat/c-fat500-10.clq;Q1_Best_Static;126;;;;0.241679;
c-fat/c-fat500-10.clq;Q1_Best_Dynamic;126;;;;40.0887;OK
gen/gen200_p0.9_44.clq;Q1_FI_Seed_0;30;;;;0.048492;
gen/gen200_p0.9_44.clq;Q1_HC_Seed_0;35;;;;3.9265;OK
gen/gen200_p0.9_44.clq;Q1_FI_Seed_1;30;;;;0.049647;
gen/gen200_p0.9_44.clq;Q1_HC_Seed_1;33;;;;2.23176;OK
gen/gen200_p0.9_44.clq;Q1_FI_Seed_2;31;;;;0.047288;
gen/gen200_p0.9_44.clq;Q1_HC_Seed_2;35;;;;3.4942;OK
gen/gen200_p0.9_44.clq;Q1_FI_Seed_3;30;;;;0.050856;
gen/gen200_p0.9_44.clq;Q1_HC_Seed_3;36;;;;4.66251;OK
gen/gen200_p0.9_44.clq;Q1_FI_Seed_4;31;;;;0.05016;
gen/gen200_p0.9_44.clq;Q1_HC_Seed_4;35;;;;3.13176;OK
gen/gen200_p0.9_44.clq;Q1_FI_Seed_5;30;;;;0.048141;
gen/gen200_p0.9_44.clq;Q1_HC_Seed_5;33;;;;3.42268;OK
gen/gen200_p0.9_44.clq;Q1_FI_Seed_6;30;;;;0.048196;
gen/gen200_p0.9_44.clq;Q1_HC_Seed_6;33;;;;4.9353;OK
gen/gen200_p0.9_44.clq;Q1_FI_Seed_7;30;;;;0.048972;
gen/gen200_p0.9_44.clq;Q1_HC_Seed_7;34;;;;3.525;OK
gen/gen200_p0.9_44.clq;Q1_FI_Seed_8;30;;;;0.045904;
gen/gen200_p0.9_44.clq;Q1_HC_Seed_8;33;;;;4.23582;OK
gen/gen200_p0.9_44.clq;Q1_FI_Seed_9;33;;;;0.056929;
gen/gen200_p0.9_44.clq;Q1_HC_Seed_9;35;;;;3.92224;OK
gen/gen200_p0.9_44.clq;Q1_FI_STATS_SUMMARY;;30;33;30.5;0.494585;
gen/gen200_p0.9_44.clq;Q1_HC_STATS_SUMMARY;;33;36;34.2;37.4878;
gen/gen200_p0.9_44.clq;Q1_Best_Static;31;;;;0.084851;
gen/gen200_p0.9_44.clq;Q1_Best_Dynamic;37;;;;7.98309;OK
gen/gen200_p0.9_55.clq;Q1_FI_Seed_0;31;;;;0.04957;
gen/gen200_p0.9_55.clq;Q1_HC_Seed_0;37;;;;4.90968;OK
gen/gen200_p0.9_55.clq;Q1_FI_Seed_1;29;;;;0.04574;
gen/gen200_p0.9_55.clq;Q1_HC_Seed_1;32;;;;2.66208;OK
gen/gen200_p0.9_55.clq;Q1_FI_Seed_2;30;;;;0.045295;
gen/gen200_p0.9_55.clq;Q1_HC_Seed_2;36;;;;3.20521;OK
gen/gen200_p0.9_55.clq;Q1_FI_Seed_3;28;;;;0.04749;
gen/gen200_p0.9_55.clq;Q1_HC_Seed_3;35;;;;5.70525;OK
gen/gen200_p0.9_55.clq;Q1_FI_Seed_4;33;;;;0.051625;
gen/gen200_p0.9_55.clq;Q1_HC_Seed_4;33;;;;1.73428;OK
gen/gen200_p0.9_55.clq;Q1_FI_Seed_5;26;;;;0.046588;
gen/gen200_p0.9_55.clq;Q1_HC_Seed_5;35;;;;4.18074;OK
gen/gen200_p0.9_55.clq;Q1_FI_Seed_6;30;;;;0.047527;
gen/gen200_p0.9_55.clq;Q1_HC_Seed_6;35;;;;5.31009;OK
gen/gen200_p0.9_55.clq;Q1_FI_Seed_7;30;;;;0.048762;
gen/gen200_p0.9_55.clq;Q1_HC_Seed_7;37;;;;5.34844;OK
gen/gen200_p0.9_55.clq;Q1_FI_Seed_8;32;;;;0.052988;
gen/gen200_p0.9_55.clq;Q1_HC_Seed_8;37;;;;3.78531;OK
gen/gen200_p0.9_55.clq;Q1_FI_Seed_9;40;;;;0.052848;
gen/gen200_p0.9_55.clq;Q1_HC_Seed_9;55;;;;14.7254;OK
gen/gen200_p0.9_55.clq;Q1_FI_STATS_SUMMARY;;26;40;30.9;0.488433;
gen/gen200_p0.9_55.clq;Q1_HC_STATS_SUMMARY;;32;55;37.2;51.5665;
gen/gen200_p0.9_55.clq;Q1_Best_Static;36;;;;0.086416;
gen/gen200_p0.9_55.clq;Q1_Best_Dynamic;38;;;;7.73323;OK
gen/gen400_p0.9_55.clq;Q1_FI_Seed_0;39;;;;0.092776;
gen/gen400_p0.9_55.clq;Q1_HC_Seed_0;45;;;;13.6367;OK
gen/gen400_p0.9_55.clq;Q1_FI_Seed_1;41;;;;0.104865;
gen/gen400_p0.9_55.clq;Q1_HC_Seed_1;42;;;;8.52233;OK
gen/gen400_p0.9_55.clq;Q1_FI_Seed_2;33;;;;0.097132;
gen/gen400_p0.9_55.clq;Q1_HC_Seed_2;41;;;;14.0252;OK
gen/gen400_p0.9_55.clq;Q1_FI_Seed_3;34;;;;0.089272;
gen/gen400_p0.9_55.clq;Q1_HC_Seed_3;39;;;;7.53295;OK
gen/gen400_p0.9_55.clq;Q1_FI_Seed_4;36;;;;0.084923;
gen/gen400_p0.9_55.clq;Q1_HC_Seed_4;39;;;;5.30827;OK
gen/gen400_p0.9_55.clq;Q1_FI_Seed_5;32;;;;0.098261;
gen/gen400_p0.9_55.clq;Q1_HC_Seed_5;38;;;;9.1074;OK
gen/gen400_p0.9_55.clq;Q1_FI_Seed_6;34;;;;0.094517;
gen/gen400_p0.9_55.clq;Q1_HC_Seed_6;37;;;;6.38177;OK
gen/gen400_p0.9_55.clq;Q1_FI_Seed_7;34;;;;0.094249;
gen/gen400_p0.9_55.clq;Q1_HC_Seed_7;40;;;;15.8703;OK
gen/gen400_p0.9_55.clq;Q1_FI_Seed_8;36;;;;0.092406;
gen/gen400_p0.9_55.clq;Q1_HC_Seed_8;43;;;;18.826;OK
gen/gen400_p0.9_55.clq;Q1_FI_Seed_9;38;;;;0.10267;
gen/gen400_p0.9_55.clq;Q1_HC_Seed_9;43;;;;16.0492;OK
gen/gen400_p0.9_55.clq;Q1_FI_STATS_SUMMARY;;32;41;35.7;0.951071;
gen/gen400_p0.9_55.clq;Q1_HC_STATS_SUMMARY;;37;45;40.7;115.26;
gen/gen400_p0.9_55.clq;Q1_Best_Static;44;;;;0.179132;
gen/gen400_p0.9_55.clq;Q1_Best_Dynamic;48;;;;28.7257;OK
gen/gen400_p0.9_65.clq;Q1_FI_Seed_0;36;;;;0.0923;
gen/gen400_p0.9_65.clq;Q1_HC_Seed_0;43;;;;12.9115;OK
gen/gen400_p0.9_65.clq;Q1_FI_Seed_1;36;;;;0.09053;
gen/gen400_p0.9_65.clq;Q1_HC_Seed_1;42;;;;10.9364;OK
gen/gen400_p0.9_65.clq;Q1_FI_Seed_2;32;;;;0.093928;
gen/gen400_p0.9_65.clq;Q1_HC_Seed_2;45;;;;11.4292;OK
gen/gen400_p0.9_65.clq;Q1_FI_Seed_3;34;;;;0.098879;
gen/gen400_p0.9_65.clq;Q1_HC_Seed_3;41;;;;16.8209;OK
gen/gen400_p0.9_65.clq;Q1_FI_Seed_4;38;;;;0.093636;
gen/gen400_p0.9_65.clq;Q1_HC_Seed_4;45;;;;11.025;OK
gen/gen400_p0.9_65.clq;Q1_FI_Seed_5;39;;;;0.094572;
gen/gen400_p0.9_65.clq;Q1_HC_Seed_5;42;;;;10.0656;OK
gen/gen400_p0.9_65.clq;Q1_FI_Seed_6;34;;;;0.089943;
gen/gen400_p0.9_65.clq;Q1_HC_Seed_6;42;;;;19.11;OK
gen/gen400_p0.9_65.clq;Q1_FI_Seed_7;37;;;;0.105014;
gen/gen400_p0.9_65.clq;Q1_HC_Seed_7;43;;;;15.7862;OK
gen/gen400_p0.9_65.clq;Q1_FI_Seed_8;38;;;;0.097002;
gen/gen400_p0.9_65.clq;Q1_HC_Seed_8;42;;;;7.98964;OK
gen/gen400_p0.9_65.clq;Q1_FI_Seed_9;39;;;;0.092138;
gen/gen400_p0.9_65.clq;Q1_HC_Seed_9;40;;;;7.28303;OK
gen/gen400_p0.9_65.clq;Q1_FI_STATS_SUMMARY;;32;39;36.3;0.947942;
gen/gen400_p0.9_65.clq;Q1_HC_STATS_SUMMARY;;40;45;42.5;123.358;
gen/gen400_p0.9_65.clq;Q1_Best_Static;41;;;;0.183417;
gen/gen400_p0.9_65.clq;Q1_Best_Dynamic;45;;;;40.6693;OK
gen/gen400_p0.9_75.clq;Q1_FI_Seed_0;43;;;;0.105613;
gen/gen400_p0.9_75.clq;Q1_HC_Seed_0;43;;;;5.8588;OK
gen/gen400_p0.9_75.clq;Q1_FI_Seed_1;40;;;;0.097359;
gen/gen400_p0.9_75.clq;Q1_HC_Seed_1;51;;;;15.1849;OK
gen/gen400_p0.9_75.clq;Q1_FI_Seed_2;38;;;;0.098122;
gen/gen400_p0.9_75.clq;Q1_HC_Seed_2;46;;;;14.4447;OK
gen/gen400_p0.9_75.clq;Q1_FI_Seed_3;40;;;;0.100121;
gen/gen400_p0.9_75.clq;Q1_HC_Seed_3;43;;;;13.1399;OK
gen/gen400_p0.9_75.clq;Q1_FI_Seed_4;39;;;;0.096725;
gen/gen400_p0.9_75.clq;Q1_HC_Seed_4;45;;;;15.1296;OK
gen/gen400_p0.9_75.clq;Q1_FI_Seed_5;39;;;;0.099134;
gen/gen400_p0.9_75.clq;Q1_HC_Seed_5;48;;;;16.1783;OK
gen/gen400_p0.9_75.clq;Q1_FI_Seed_6;39;;;;0.104462;
gen/gen400_p0.9_75.clq;Q1_HC_Seed_6;41;;;;7.77721;OK
gen/gen400_p0.9_75.clq;Q1_FI_Seed_7;38;;;;0.102974;
gen/gen400_p0.9_75.clq;Q1_HC_Seed_7;48;;;;17.3492;OK
gen/gen400_p0.9_75.clq;Q1_FI_Seed_8;40;;;;0.095789;
gen/gen400_p0.9_75.clq;Q1_HC_Seed_8;47;;;;25.0824;OK
gen/gen400_p0.9_75.clq;Q1_FI_Seed_9;40;;;;0.101074;
gen/gen400_p0.9_75.clq;Q1_HC_Seed_9;45;;;;13.9561;OK
gen/gen400_p0.9_75.clq;Q1_FI_STATS_SUMMARY;;38;43;39.6;1.00137;
gen/gen400_p0.9_75.clq;Q1_HC_STATS_SUMMARY;;41;51;45.7;144.101;
gen/gen400_p0.9_75.clq;Q1_Best_Static;47;;;;0.187253;
gen/gen400_p0.9_75.clq;Q1_Best_Dynamic;44;;;;31.9185;OK
hamming/hamming6-2.clq;Q1_FI_Seed_0;22;;;;0.02178;
hamming/hamming6-2.clq;Q1_HC_Seed_0;32;;;;0.843347;OK
hamming/hamming6-2.clq;Q1_FI_Seed_1;24;;;;0.018877;
hamming/hamming6-2.clq;Q1_HC_Seed_1;32;;;;0.473107;OK
hamming/hamming6-2.clq;Q1_FI_Seed_2;19;;;;0.015997;
hamming/hamming6-2.clq;Q1_HC_Seed_2;20;;;;0.23898;OK
hamming/hamming6-2.clq;Q1_FI_Seed_3;18;;;;0.015399;
hamming/hamming6-2.clq;Q1_HC_Seed_3;32;;;;0.719134;OK
hamming/hamming6-2.clq;Q1_FI_Seed_4;17;;;;0.017018;
hamming/hamming6-2.clq;Q1_HC_Seed_4;18;;;;0.310849;OK
hamming/hamming6-2.clq;Q1_FI_Seed_5;19;;;;0.015715;
hamming/hamming6-2.clq;Q1_HC_Seed_5;32;;;;0.529696;OK
hamming/hamming6-2.clq;Q1_FI_Seed_6;22;;;;0.016993;
hamming/hamming6-2.clq;Q1_HC_Seed_6;32;;;;0.563629;OK
hamming/hamming6-2.clq;Q1_FI_Seed_7;24;;;;0.018366;
hamming/hamming6-2.clq;Q1_HC_Seed_7;32;;;;0.646705;OK
hamming/hamming6-2.clq;Q1_FI_Seed_8;27;;;;0.018624;
hamming/hamming6-2.clq;Q1_HC_Seed_8;32;;;;0.370951;OK
hamming/hamming6-2.clq;Q1_FI_Seed_9;27;;;;0.0182;
hamming/hamming6-2.clq;Q1_HC_Seed_9;32;;;;0.479628;OK
hamming/hamming6-2.clq;Q1_FI_STATS_SUMMARY;;17;27;21.9;0.176969;
hamming/hamming6-2.clq;Q1_HC_STATS_SUMMARY;;18;32;29.4;5.17603;
hamming/hamming6-2.clq;Q1_Best_Static;32;;;;0.021466;
hamming/hamming6-2.clq;Q1_Best_Dynamic;32;;;;0.648878;OK
hamming/hamming6-4.clq;Q1_FI_Seed_0;4;;;;0.009418;
hamming/hamming6-4.clq;Q1_HC_Seed_0;4;;;;0.019533;OK
hamming/hamming6-4.clq;Q1_FI_Seed_1;4;;;;0.008393;
hamming/hamming6-4.clq;Q1_HC_Seed_1;4;;;;0.019453;OK
hamming/hamming6-4.clq;Q1_FI_Seed_2;4;;;;0.008436;
hamming/hamming6-4.clq;Q1_HC_Seed_2;4;;;;0.019179;OK
hamming/hamming6-4.clq;Q1_FI_Seed_3;4;;;;0.008512;
hamming/hamming6-4.clq;Q1_HC_Seed_3;4;;;;0.019316;OK
hamming/hamming6-4.clq;Q1_FI_Seed_4;4;;;;0.008284;
hamming/hamming6-4.clq;Q1_HC_Seed_4;4;;;;0.019037;OK
hamming/hamming6-4.clq;Q1_FI_Seed_5;4;;;;0.008681;
hamming/hamming6-4.clq;Q1_HC_Seed_5;4;;;;0.018927;OK
hamming/hamming6-4.clq;Q1_FI_Seed_6;4;;;;0.008371;
hamming/hamming6-4.clq;Q1_HC_Seed_6;4;;;;0.019342;OK
hamming/hamming6-4.clq;Q1_FI_Seed_7;4;;;;0.008443;
hamming/hamming6-4.clq;Q1_HC_Seed_7;4;;;;0.01924;OK
hamming/hamming6-4.clq;Q1_FI_Seed_8;2;;;;0.007961;
hamming/hamming6-4.clq;Q1_HC_Seed_8;4;;;;0.029584;OK
hamming/hamming6-4.clq;Q1_FI_Seed_9;4;;;;0.008584;
hamming/hamming6-4.clq;Q1_HC_Seed_9;4;;;;0.019404;OK
hamming/hamming6-4.clq;Q1_FI_STATS_SUMMARY;;2;4;3.8;0.085083;
hamming/hamming6-4.clq;Q1_HC_STATS_SUMMARY;;4;4;4;0.203015;
hamming/hamming6-4.clq;Q1_Best_Static;4;;;;0.007428;
hamming/hamming6-4.clq;Q1_Best_Dynamic;4;;;;0.125407;OK
hamming/hamming8-2.clq;Q1_FI_Seed_0;68;;;;0.128401;
hamming/hamming8-2.clq;Q1_HC_Seed_0;93;;;;41.4595;OK
hamming/hamming8-2.clq;Q1_FI_Seed_1;65;;;;0.127208;
hamming/hamming8-2.clq;Q1_HC_Seed_1;128;;;;72.5387;OK
hamming/hamming8-2.clq;Q1_FI_Seed_2;75;;;;0.143005;
hamming/hamming8-2.clq;Q1_HC_Seed_2;128;;;;64.1981;OK
hamming/hamming8-2.clq;Q1_FI_Seed_3;84;;;;0.146436;
hamming/hamming8-2.clq;Q1_HC_Seed_3;128;;;;57.3817;OK
hamming/hamming8-2.clq;Q1_FI_Seed_4;67;;;;0.130551;
hamming/hamming8-2.clq;Q1_HC_Seed_4;84;;;;33.2383;OK
hamming/hamming8-2.clq;Q1_FI_Seed_5;68;;;;0.139108;
hamming/hamming8-2.clq;Q1_HC_Seed_5;93;;;;55.0058;OK
hamming/hamming8-2.clq;Q1_FI_Seed_6;63;;;;0.132353;
hamming/hamming8-2.clq;Q1_HC_Seed_6;82;;;;43.6219;OK
hamming/hamming8-2.clq;Q1_FI_Seed_7;76;;;;0.134139;
hamming/hamming8-2.clq;Q1_HC_Seed_7;88;;;;33.7799;OK
hamming/hamming8-2.clq;Q1_FI_Seed_8;65;;;;0.12621;
hamming/hamming8-2.clq;Q1_HC_Seed_8;79;;;;47.0569;OK
hamming/hamming8-2.clq;Q1_FI_Seed_9;75;;;;0.132686;
hamming/hamming8-2.clq;Q1_HC_Seed_9;84;;;;19.8066;OK
hamming/hamming8-2.clq;Q1_FI_STATS_SUMMARY;;63;84;70.6;1.3401;
hamming/hamming8-2.clq;Q1_HC_STATS_SUMMARY;;79;128;98.7;468.087;
hamming/hamming8-2.clq;Q1_Best_Static;121;;;;0.245226;
hamming/hamming8-2.clq;Q1_Best_Dynamic;128;;;;40.2965;OK
hamming/hamming8-4.clq;Q1_FI_Seed_0;8;;;;0.028956;
hamming/hamming8-4.clq;Q1_HC_Seed_0;8;;;;0.231496;OK
hamming/hamming8-4.clq;Q1_FI_Seed_1;9;;;;0.028283;
hamming/hamming8-4.clq;Q1_HC_Seed_1;12;;;;0.711887;OK
hamming/hamming8-4.clq;Q1_FI_Seed_2;9;;;;0.027223;
hamming/hamming8-4.clq;Q1_HC_Seed_2;16;;;;0.997551;OK
hamming/hamming8-4.clq;Q1_FI_Seed_3;6;;;;0.023686;
hamming/hamming8-4.clq;Q1_HC_Seed_3;9;;;;0.354158;OK
hamming/hamming8-4.clq;Q1_FI_Seed_4;6;;;;0.02518;
hamming/hamming8-4.clq;Q1_HC_Seed_4;9;;;;0.373414;OK
hamming/hamming8-4.clq;Q1_FI_Seed_5;8;;;;0.024807;
hamming/hamming8-4.clq;Q1_HC_Seed_5;8;;;;0.231861;OK
hamming/hamming8-4.clq;Q1_FI_Seed_6;8;;;;0.027045;
hamming/hamming8-4.clq;Q1_HC_Seed_6;16;;;;1.05364;OK
hamming/hamming8-4.clq;Q1_FI_Seed_7;8;;;;0.027005;
hamming/hamming8-4.clq;Q1_HC_Seed_7;8;;;;0.229221;OK
hamming/hamming8-4.clq;Q1_FI_Seed_8;10;;;;0.027132;
hamming/hamming8-4.clq;Q1_HC_Seed_8;12;;;;0.470455;OK
hamming/hamming8-4.clq;Q1_FI_Seed_9;6;;;;0.025114;
hamming/hamming8-4.clq;Q1_HC_Seed_9;16;;;;1.14347;OK
hamming/hamming8-4.clq;Q1_FI_STATS_SUMMARY;;6;10;7.8;0.264431;
hamming/hamming8-4.clq;Q1_HC_STATS_SUMMARY;;8;16;11.4;5.79715;
hamming/hamming8-4.clq;Q1_Best_Static;16;;;;0.047075;
hamming/hamming8-4.clq;Q1_Best_Dynamic;16;;;;2.83419;OK
hamming/hamming10-2.clq;Q1_FI_Seed_0;232;;;;1.59667;
hamming/hamming10-2.clq;Q1_HC_Seed_0;328;;;;10171.2;TIMEOUT
hamming/hamming10-2.clq;Q1_FI_Seed_1;228;;;;1.54394;
hamming/hamming10-2.clq;Q1_HC_Seed_1;465;;;;10135.3;TIMEOUT
hamming/hamming10-2.clq;Q1_FI_Seed_2;250;;;;1.64588;
hamming/hamming10-2.clq;Q1_HC_Seed_2;365;;;;9221.56;OK
hamming/hamming10-2.clq;Q1_FI_Seed_3;256;;;;1.7031;
hamming/hamming10-2.clq;Q1_HC_Seed_3;323;;;;6716.91;OK
hamming/hamming10-2.clq;Q1_FI_Seed_4;242;;;;1.62802;
hamming/hamming10-2.clq;Q1_HC_Seed_4;352;;;;9584.3;OK
hamming/hamming10-2.clq;Q1_FI_Seed_5;265;;;;1.65779;
hamming/hamming10-2.clq;Q1_HC_Seed_5;512;;;;8192.92;OK
hamming/hamming10-2.clq;Q1_FI_Seed_6;230;;;;1.54473;
hamming/hamming10-2.clq;Q1_HC_Seed_6;405;;;;9663.59;OK
hamming/hamming10-2.clq;Q1_FI_Seed_7;230;;;;1.5533;
hamming/hamming10-2.clq;Q1_HC_Seed_7;404;;;;10026.6;TIMEOUT
hamming/hamming10-2.clq;Q1_FI_Seed_8;232;;;;1.71828;
hamming/hamming10-2.clq;Q1_HC_Seed_8;332;;;;10020.2;TIMEOUT
hamming/hamming10-2.clq;Q1_FI_Seed_9;254;;;;1.69975;
hamming/hamming10-2.clq;Q1_HC_Seed_9;411;;;;10285.3;TIMEOUT
hamming/hamming10-2.clq;Q1_FI_STATS_SUMMARY;;228;265;241.9;16.2915;
hamming/hamming10-2.clq;Q1_HC_STATS_SUMMARY;;323;512;389.7;94018;
hamming/hamming10-2.clq;Q1_Best_Static;490;;;;3.71503;
hamming/hamming10-2.clq;Q1_Best_Dynamic;512;;;;2626.04;OK
hamming/hamming10-4.clq;Q1_FI_Seed_0;21;;;;0.140366;
hamming/hamming10-4.clq;Q1_HC_Seed_0;33;;;;25.9039;OK
hamming/hamming10-4.clq;Q1_FI_Seed_1;17;;;;0.14357;
hamming/hamming10-4.clq;Q1_HC_Seed_1;31;;;;24.7293;OK
hamming/hamming10-4.clq;Q1_FI_Seed_2;22;;;;0.150555;
hamming/hamming10-4.clq;Q1_HC_Seed_2;33;;;;29.1869;OK
hamming/hamming10-4.clq;Q1_FI_Seed_3;22;;;;0.154595;
hamming/hamming10-4.clq;Q1_HC_Seed_3;33;;;;25.4842;OK
hamming/hamming10-4.clq;Q1_FI_Seed_4;17;;;;0.156615;
hamming/hamming10-4.clq;Q1_HC_Seed_4;21;;;;8.0302;OK
hamming/hamming10-4.clq;Q1_FI_Seed_5;22;;;;0.161675;
hamming/hamming10-4.clq;Q1_HC_Seed_5;35;;;;32.8392;OK
hamming/hamming10-4.clq;Q1_FI_Seed_6;23;;;;0.16376;
hamming/hamming10-4.clq;Q1_HC_Seed_6;36;;;;35.0337;OK
hamming/hamming10-4.clq;Q1_FI_Seed_7;25;;;;0.15197;
hamming/hamming10-4.clq;Q1_HC_Seed_7;34;;;;17.0082;OK
hamming/hamming10-4.clq;Q1_FI_Seed_8;18;;;;0.135689;
hamming/hamming10-4.clq;Q1_HC_Seed_8;33;;;;36.1247;OK
hamming/hamming10-4.clq;Q1_FI_Seed_9;17;;;;0.143026;
hamming/hamming10-4.clq;Q1_HC_Seed_9;34;;;;32.71;OK
hamming/hamming10-4.clq;Q1_FI_STATS_SUMMARY;;17;25;20.4;1.50182;
hamming/hamming10-4.clq;Q1_HC_STATS_SUMMARY;;21;36;32.3;267.05;
hamming/hamming10-4.clq;Q1_Best_Static;32;;;;0.295584;
hamming/hamming10-4.clq;Q1_Best_Dynamic;36;;;;98.3579;OK
johnson/johnson8-2-4.clq;Q1_FI_Seed_0;4;;;;0.008699;
johnson/johnson8-2-4.clq;Q1_HC_Seed_0;4;;;;0.01027;OK
johnson/johnson8-2-4.clq;Q1_FI_Seed_1;4;;;;0.006764;
johnson/johnson8-2-4.clq;Q1_HC_Seed_1;4;;;;0.009401;OK
johnson/johnson8-2-4.clq;Q1_FI_Seed_2;4;;;;0.006834;
johnson/johnson8-2-4.clq;Q1_HC_Seed_2;4;;;;0.009519;OK
johnson/johnson8-2-4.clq;Q1_FI_Seed_3;4;;;;0.006796;
johnson/johnson8-2-4.clq;Q1_HC_Seed_3;4;;;;0.009639;OK
johnson/johnson8-2-4.clq;Q1_FI_Seed_4;4;;;;0.006604;
johnson/johnson8-2-4.clq;Q1_HC_Seed_4;4;;;;0.009208;OK
johnson/johnson8-2-4.clq;Q1_FI_Seed_5;4;;;;0.006521;
johnson/johnson8-2-4.clq;Q1_HC_Seed_5;4;;;;0.009499;OK
johnson/johnson8-2-4.clq;Q1_FI_Seed_6;4;;;;0.006574;
johnson/johnson8-2-4.clq;Q1_HC_Seed_6;4;;;;0.009712;OK
johnson/johnson8-2-4.clq;Q1_FI_Seed_7;4;;;;0.00639;
johnson/johnson8-2-4.clq;Q1_HC_Seed_7;4;;;;0.009677;OK
johnson/johnson8-2-4.clq;Q1_FI_Seed_8;4;;;;0.00654;
johnson/johnson8-2-4.clq;Q1_HC_Seed_8;4;;;;0.009117;OK
johnson/johnson8-2-4.clq;Q1_FI_Seed_9;4;;;;0.00654;
johnson/johnson8-2-4.clq;Q1_HC_Seed_9;4;;;;0.009551;OK
johnson/johnson8-2-4.clq;Q1_FI_STATS_SUMMARY;;4;4;4;0.068262;
johnson/johnson8-2-4.clq;Q1_HC_STATS_SUMMARY;;4;4;4;0.095593;
johnson/johnson8-2-4.clq;Q1_Best_Static;4;;;;0.005538;
johnson/johnson8-2-4.clq;Q1_Best_Dynamic;4;;;;0.030787;OK
johnson/johnson8-4-4.clq;Q1_FI_Seed_0;8;;;;0.015093;
johnson/johnson8-4-4.clq;Q1_HC_Seed_0;14;;;;0.219794;OK
johnson/johnson8-4-4.clq;Q1_FI_Seed_1;8;;;;0.011538;
johnson/johnson8-4-4.clq;Q1_HC_Seed_1;10;;;;0.122169;OK
johnson/johnson8-4-4.clq;Q1_FI_Seed_2;10;;;;0.011808;
johnson/johnson8-4-4.clq;Q1_HC_Seed_2;10;;;;0.090708;OK
johnson/johnson8-4-4.clq;Q1_FI_Seed_3;11;;;;0.012113;
johnson/johnson8-4-4.clq;Q1_HC_Seed_3;14;;;;0.169806;OK
johnson/johnson8-4-4.clq;Q1_FI_Seed_4;9;;;;0.011683;
johnson/johnson8-4-4.clq;Q1_HC_Seed_4;14;;;;0.23005;OK
johnson/johnson8-4-4.clq;Q1_FI_Seed_5;11;;;;0.012003;
johnson/johnson8-4-4.clq;Q1_HC_Seed_5;14;;;;0.150101;OK
johnson/johnson8-4-4.clq;Q1_FI_Seed_6;9;;;;0.011793;
johnson/johnson8-4-4.clq;Q1_HC_Seed_6;10;;;;0.117488;OK
johnson/johnson8-4-4.clq;Q1_FI_Seed_7;11;;;;0.012138;
johnson/johnson8-4-4.clq;Q1_HC_Seed_7;14;;;;0.152021;OK
johnson/johnson8-4-4.clq;Q1_FI_Seed_8;11;;;;0.012032;
johnson/johnson8-4-4.clq;Q1_HC_Seed_8;14;;;;0.155874;OK
johnson/johnson8-4-4.clq;Q1_FI_Seed_9;9;;;;0.011466;
johnson/johnson8-4-4.clq;Q1_HC_Seed_9;14;;;;0.20643;OK
johnson/johnson8-4-4.clq;Q1_FI_STATS_SUMMARY;;8;11;9.7;0.121667;
johnson/johnson8-4-4.clq;Q1_HC_STATS_SUMMARY;;10;14;12.8;1.61444;
johnson/johnson8-4-4.clq;Q1_Best_Static;14;;;;0.014773;
johnson/johnson8-4-4.clq;Q1_Best_Dynamic;14;;;;0.301667;OK
johnson/johnson16-2-4.clq;Q1_FI_Seed_0;8;;;;0.017209;
johnson/johnson16-2-4.clq;Q1_HC_Seed_0;8;;;;0.124789;OK
johnson/johnson16-2-4.clq;Q1_FI_Seed_1;8;;;;0.016101;
johnson/johnson16-2-4.clq;Q1_HC_Seed_1;8;;;;0.123762;OK
johnson/johnson16-2-4.clq;Q1_FI_Seed_2;8;;;;0.016115;
johnson/johnson16-2-4.clq;Q1_HC_Seed_2;8;;;;0.125837;OK
johnson/johnson16-2-4.clq;Q1_FI_Seed_3;8;;;;0.0163;
johnson/johnson16-2-4.clq;Q1_HC_Seed_3;8;;;;0.122308;OK
johnson/johnson16-2-4.clq;Q1_FI_Seed_4;8;;;;0.016469;
johnson/johnson16-2-4.clq;Q1_HC_Seed_4;8;;;;0.11762;OK
johnson/johnson16-2-4.clq;Q1_FI_Seed_5;8;;;;0.016248;
johnson/johnson16-2-4.clq;Q1_HC_Seed_5;8;;;;0.124287;OK
johnson/johnson16-2-4.clq;Q1_FI_Seed_6;8;;;;0.016101;
johnson/johnson16-2-4.clq;Q1_HC_Seed_6;8;;;;0.120456;OK
johnson/johnson16-2-4.clq;Q1_FI_Seed_7;8;;;;0.015946;
johnson/johnson16-2-4.clq;Q1_HC_Seed_7;8;;;;0.123632;OK
johnson/johnson16-2-4.clq;Q1_FI_Seed_8;8;;;;0.016327;
johnson/johnson16-2-4.clq;Q1_HC_Seed_8;8;;;;0.119042;OK
johnson/johnson16-2-4.clq;Q1_FI_Seed_9;8;;;;0.016201;
johnson/johnson16-2-4.clq;Q1_HC_Seed_9;8;;;;0.124254;OK
johnson/johnson16-2-4.clq;Q1_FI_STATS_SUMMARY;;8;8;8;0.163017;
johnson/johnson16-2-4.clq;Q1_HC_STATS_SUMMARY;;8;8;8;1.22599;
johnson/johnson16-2-4.clq;Q1_Best_Static;8;;;;0.019363;
johnson/johnson16-2-4.clq;Q1_Best_Dynamic;8;;;;0.701902;OK
johnson/johnson32-2-4.clq;Q1_FI_Seed_0;16;;;;0.081605;
johnson/johnson32-2-4.clq;Q1_HC_Seed_0;16;;;;1.72946;OK
johnson/johnson32-2-4.clq;Q1_FI_Seed_1;16;;;;0.078402;
johnson/johnson32-2-4.clq;Q1_HC_Seed_1;16;;;;1.63689;OK
johnson/johnson32-2-4.clq;Q1_FI_Seed_2;16;;;;0.07895;
johnson/johnson32-2-4.clq;Q1_HC_Seed_2;16;;;;1.66512;OK
johnson/johnson32-2-4.clq;Q1_FI_Seed_3;16;;;;0.078977;
johnson/johnson32-2-4.clq;Q1_HC_Seed_3;16;;;;1.66165;OK
johnson/johnson32-2-4.clq;Q1_FI_Seed_4;16;;;;0.07813;
johnson/johnson32-2-4.clq;Q1_HC_Seed_4;16;;;;1.70528;OK
johnson/johnson32-2-4.clq;Q1_FI_Seed_5;16;;;;0.080237;
johnson/johnson32-2-4.clq;Q1_HC_Seed_5;16;;;;1.7409;OK
johnson/johnson32-2-4.clq;Q1_FI_Seed_6;16;;;;0.080031;
johnson/johnson32-2-4.clq;Q1_HC_Seed_6;16;;;;1.72266;OK
johnson/johnson32-2-4.clq;Q1_FI_Seed_7;16;;;;0.08082;
johnson/johnson32-2-4.clq;Q1_HC_Seed_7;16;;;;1.69147;OK
johnson/johnson32-2-4.clq;Q1_FI_Seed_8;16;;;;0.081068;
johnson/johnson32-2-4.clq;Q1_HC_Seed_8;16;;;;1.73795;OK
johnson/johnson32-2-4.clq;Q1_FI_Seed_9;16;;;;0.079809;
johnson/johnson32-2-4.clq;Q1_HC_Seed_9;16;;;;1.64285;OK
johnson/johnson32-2-4.clq;Q1_FI_STATS_SUMMARY;;16;16;16;0.798029;
johnson/johnson32-2-4.clq;Q1_HC_STATS_SUMMARY;;16;16;16;16.9342;
johnson/johnson32-2-4.clq;Q1_Best_Static;16;;;;0.117701;
johnson/johnson32-2-4.clq;Q1_Best_Dynamic;16;;;;19.4995;OK
keller/keller4.clq;Q1_FI_Seed_0;7;;;;0.020122;
keller/keller4.clq;Q1_HC_Seed_0;10;;;;0.332233;OK
keller/keller4.clq;Q1_FI_Seed_1;7;;;;0.019931;
keller/keller4.clq;Q1_HC_Seed_1;8;;;;0.216842;OK
keller/keller4.clq;Q1_FI_Seed_2;7;;;;0.018972;
keller/keller4.clq;Q1_HC_Seed_2;9;;;;0.288348;OK
keller/keller4.clq;Q1_FI_Seed_3;6;;;;0.018587;
keller/keller4.clq;Q1_HC_Seed_3;11;;;;0.396309;OK
keller/keller4.clq;Q1_FI_Seed_4;8;;;;0.018495;
keller/keller4.clq;Q1_HC_Seed_4;11;;;;0.36844;OK
keller/keller4.clq;Q1_FI_Seed_5;7;;;;0.018656;
keller/keller4.clq;Q1_HC_Seed_5;9;;;;0.325424;OK
keller/keller4.clq;Q1_FI_Seed_6;7;;;;0.019327;
keller/keller4.clq;Q1_HC_Seed_6;9;;;;0.367082;OK
keller/keller4.clq;Q1_FI_Seed_7;8;;;;0.019355;
keller/keller4.clq;Q1_HC_Seed_7;9;;;;0.231339;OK
keller/keller4.clq;Q1_FI_Seed_8;9;;;;0.018764;
keller/keller4.clq;Q1_HC_Seed_8;9;;;;0.179;OK
keller/keller4.clq;Q1_FI_Seed_9;9;;;;0.018682;
keller/keller4.clq;Q1_HC_Seed_9;9;;;;0.175867;OK
keller/keller4.clq;Q1_FI_STATS_SUMMARY;;6;9;7.5;0.190891;
keller/keller4.clq;Q1_HC_STATS_SUMMARY;;8;11;9.4;2.88088;
keller/keller4.clq;Q1_Best_Static;8;;;;0.03412;
keller/keller4.clq;Q1_Best_Dynamic;11;;;;1.59289;OK
keller/keller5.clq;Q1_FI_Seed_0;17;;;;0.096867;
keller/keller5.clq;Q1_HC_Seed_0;19;;;;4.10524;OK
keller/keller5.clq;Q1_FI_Seed_1;16;;;;0.098572;
keller/keller5.clq;Q1_HC_Seed_1;22;;;;7.47334;OK
keller/keller5.clq;Q1_FI_Seed_2;15;;;;0.089573;
keller/keller5.clq;Q1_HC_Seed_2;21;;;;5.00343;OK
keller/keller5.clq;Q1_FI_Seed_3;21;;;;0.088378;
keller/keller5.clq;Q1_HC_Seed_3;21;;;;2.74851;OK
keller/keller5.clq;Q1_FI_Seed_4;15;;;;0.091846;
keller/keller5.clq;Q1_HC_Seed_4;20;;;;5.89199;OK
keller/keller5.clq;Q1_FI_Seed_5;20;;;;0.096571;
keller/keller5.clq;Q1_HC_Seed_5;20;;;;2.81864;OK
keller/keller5.clq;Q1_FI_Seed_6;19;;;;0.093437;
keller/keller5.clq;Q1_HC_Seed_6;20;;;;3.75326;OK
keller/keller5.clq;Q1_FI_Seed_7;16;;;;0.091777;
keller/keller5.clq;Q1_HC_Seed_7;21;;;;4.76484;OK
keller/keller5.clq;Q1_FI_Seed_8;17;;;;0.095448;
keller/keller5.clq;Q1_HC_Seed_8;19;;;;3.79415;OK
keller/keller5.clq;Q1_FI_Seed_9;17;;;;0.087543;
keller/keller5.clq;Q1_HC_Seed_9;20;;;;6.17041;OK
keller/keller5.clq;Q1_FI_STATS_SUMMARY;;15;21;17.3;0.930012;
keller/keller5.clq;Q1_HC_STATS_SUMMARY;;19;22;20.3;46.5238;
keller/keller5.clq;Q1_Best_Static;15;;;;0.210565;
keller/keller5.clq;Q1_Best_Dynamic;23;;;;54.0371;OK
keller/keller6.clq;Q1_FI_Seed_0;36;;;;0.509001;
keller/keller6.clq;Q1_HC_Seed_0;42;;;;99.9558;OK
keller/keller6.clq;Q1_FI_Seed_1;36;;;;0.46179;
keller/keller6.clq;Q1_HC_Seed_1;46;;;;83.5233;OK
keller/keller6.clq;Q1_FI_Seed_2;30;;;;0.467733;
keller/keller6.clq;Q1_HC_Seed_2;43;;;;141.328;OK
keller/keller6.clq;Q1_FI_Seed_3;40;;;;0.523661;
keller/keller6.clq;Q1_HC_Seed_3;43;;;;63.0312;OK
keller/keller6.clq;Q1_FI_Seed_4;30;;;;0.50141;
keller/keller6.clq;Q1_HC_Seed_4;42;;;;115.61;OK
keller/keller6.clq;Q1_FI_Seed_5;37;;;;0.528718;
keller/keller6.clq;Q1_HC_Seed_5;42;;;;49.5075;OK
keller/keller6.clq;Q1_FI_Seed_6;37;;;;0.498723;
keller/keller6.clq;Q1_HC_Seed_6;42;;;;92.712;OK
keller/keller6.clq;Q1_FI_Seed_7;35;;;;0.489708;
keller/keller6.clq;Q1_HC_Seed_7;42;;;;70.7709;OK
keller/keller6.clq;Q1_FI_Seed_8;33;;;;0.480848;
keller/keller6.clq;Q1_HC_Seed_8;43;;;;100.341;OK
keller/keller6.clq;Q1_FI_Seed_9;39;;;;0.480983;
keller/keller6.clq;Q1_HC_Seed_9;44;;;;82.0939;OK
keller/keller6.clq;Q1_FI_STATS_SUMMARY;;30;40;35.3;4.94257;
keller/keller6.clq;Q1_HC_STATS_SUMMARY;;42;46;42.9;898.874;
keller/keller6.clq;Q1_Best_Static;36;;;;1.20535;
keller/keller6.clq;Q1_Best_Dynamic;0;;;;0;SKIP_TOO_LARGE
MANN_a/MANN_a9.clq;Q1_FI_Seed_0;13;;;;0.014038;
MANN_a/MANN_a9.clq;Q1_HC_Seed_0;16;;;;0.260819;OK
MANN_a/MANN_a9.clq;Q1_FI_Seed_1;16;;;;0.013307;
MANN_a/MANN_a9.clq;Q1_HC_Seed_1;16;;;;0.124151;OK
MANN_a/MANN_a9.clq;Q1_FI_Seed_2;16;;;;0.01293;
MANN_a/MANN_a9.clq;Q1_HC_Seed_2;16;;;;0.132095;OK
MANN_a/MANN_a9.clq;Q1_FI_Seed_3;14;;;;0.012044;
MANN_a/MANN_a9.clq;Q1_HC_Seed_3;16;;;;0.221278;OK
MANN_a/MANN_a9.clq;Q1_FI_Seed_4;15;;;;0.012974;
MANN_a/MANN_a9.clq;Q1_HC_Seed_4;16;;;;0.226994;OK
MANN_a/MANN_a9.clq;Q1_FI_Seed_5;14;;;;0.012046;
MANN_a/MANN_a9.clq;Q1_HC_Seed_5;15;;;;0.158609;OK
MANN_a/MANN_a9.clq;Q1_FI_Seed_6;15;;;;0.012201;
MANN_a/MANN_a9.clq;Q1_HC_Seed_6;16;;;;0.157857;OK
MANN_a/MANN_a9.clq;Q1_FI_Seed_7;14;;;;0.012085;
MANN_a/MANN_a9.clq;Q1_HC_Seed_7;16;;;;0.237915;OK
MANN_a/MANN_a9.clq;Q1_FI_Seed_8;13;;;;0.011969;
MANN_a/MANN_a9.clq;Q1_HC_Seed_8;15;;;;0.188977;OK
MANN_a/MANN_a9.clq;Q1_FI_Seed_9;15;;;;0.01248;
MANN_a/MANN_a9.clq;Q1_HC_Seed_9;16;;;;0.181752;OK
MANN_a/MANN_a9.clq;Q1_FI_STATS_SUMMARY;;13;16;14.5;0.126074;
MANN_a/MANN_a9.clq;Q1_HC_STATS_SUMMARY;;15;16;15.8;1.89045;
MANN_a/MANN_a9.clq;Q1_Best_Static;14;;;;0.011607;
MANN_a/MANN_a9.clq;Q1_Best_Dynamic;16;;;;0.245319;OK
MANN_a/MANN_a27.clq;Q1_FI_Seed_0;122;;;;0.421389;
MANN_a/MANN_a27.clq;Q1_HC_Seed_0;122;;;;49.9832;OK
MANN_a/MANN_a27.clq;Q1_FI_Seed_1;120;;;;0.485311;
MANN_a/MANN_a27.clq;Q1_HC_Seed_1;120;;;;51.1298;OK
MANN_a/MANN_a27.clq;Q1_FI_Seed_2;118;;;;0.450357;
MANN_a/MANN_a27.clq;Q1_HC_Seed_2;119;;;;79.6612;OK
MANN_a/MANN_a27.clq;Q1_FI_Seed_3;120;;;;0.46097;
MANN_a/MANN_a27.clq;Q1_HC_Seed_3;121;;;;92.8736;OK
MANN_a/MANN_a27.clq;Q1_FI_Seed_4;121;;;;0.438444;
MANN_a/MANN_a27.clq;Q1_HC_Seed_4;121;;;;49.9172;OK
MANN_a/MANN_a27.clq;Q1_FI_Seed_5;119;;;;0.437595;
MANN_a/MANN_a27.clq;Q1_HC_Seed_5;119;;;;52.012;OK
MANN_a/MANN_a27.clq;Q1_FI_Seed_6;120;;;;0.43713;
MANN_a/MANN_a27.clq;Q1_HC_Seed_6;120;;;;49.3541;OK
MANN_a/MANN_a27.clq;Q1_FI_Seed_7;121;;;;0.426569;
MANN_a/MANN_a27.clq;Q1_HC_Seed_7;121;;;;49.2607;OK
MANN_a/MANN_a27.clq;Q1_FI_Seed_8;118;;;;0.459037;
MANN_a/MANN_a27.clq;Q1_HC_Seed_8;119;;;;65.2302;OK
MANN_a/MANN_a27.clq;Q1_FI_Seed_9;121;;;;0.392739;
MANN_a/MANN_a27.clq;Q1_HC_Seed_9;121;;;;46.0738;OK
MANN_a/MANN_a27.clq;Q1_FI_STATS_SUMMARY;;118;122;120;4.40954;
MANN_a/MANN_a27.clq;Q1_HC_STATS_SUMMARY;;119;122;120.3;585.496;
MANN_a/MANN_a27.clq;Q1_Best_Static;120;;;;0.507267;
MANN_a/MANN_a27.clq;Q1_Best_Dynamic;125;;;;122.502;OK
MANN_a/MANN_a45.clq;Q1_FI_Seed_0;333;;;;3.35326;
MANN_a/MANN_a45.clq;Q1_HC_Seed_0;333;;;;1045.27;OK
MANN_a/MANN_a45.clq;Q1_FI_Seed_1;333;;;;3.29933;
MANN_a/MANN_a45.clq;Q1_HC_Seed_1;333;;;;1052.49;OK
MANN_a/MANN_a45.clq;Q1_FI_Seed_2;331;;;;3.35987;
MANN_a/MANN_a45.clq;Q1_HC_Seed_2;331;;;;1075.48;OK
MANN_a/MANN_a45.clq;Q1_FI_Seed_3;332;;;;3.30964;
MANN_a/MANN_a45.clq;Q1_HC_Seed_3;332;;;;1061.73;OK
MANN_a/MANN_a45.clq;Q1_FI_Seed_4;331;;;;3.38356;
MANN_a/MANN_a45.clq;Q1_HC_Seed_4;331;;;;1091.7;OK
MANN_a/MANN_a45.clq;Q1_FI_Seed_5;331;;;;3.36986;
MANN_a/MANN_a45.clq;Q1_HC_Seed_5;331;;;;1110.23;OK
MANN_a/MANN_a45.clq;Q1_FI_Seed_6;331;;;;3.40868;
MANN_a/MANN_a45.clq;Q1_HC_Seed_6;331;;;;1106.66;OK
MANN_a/MANN_a45.clq;Q1_FI_Seed_7;336;;;;3.15654;
MANN_a/MANN_a45.clq;Q1_HC_Seed_7;336;;;;996.964;OK
MANN_a/MANN_a45.clq;Q1_FI_Seed_8;331;;;;3.39023;
MANN_a/MANN_a45.clq;Q1_HC_Seed_8;331;;;;1103.18;OK
MANN_a/MANN_a45.clq;Q1_FI_Seed_9;334;;;;3.20286;
MANN_a/MANN_a45.clq;Q1_HC_Seed_9;334;;;;1049.12;OK
MANN_a/MANN_a45.clq;Q1_FI_STATS_SUMMARY;;331;336;332.3;33.2338;
MANN_a/MANN_a45.clq;Q1_HC_STATS_SUMMARY;;331;336;332.3;10692.8;
MANN_a/MANN_a45.clq;Q1_Best_Static;331;;;;3.6106;
MANN_a/MANN_a45.clq;Q1_Best_Dynamic;342;;;;2512.34;OK
MANN_a/MANN_a81.clq;Q1_FI_Seed_0;1084;;;;34.7216;
MANN_a/MANN_a81.clq;Q1_HC_Seed_0;1084;;;;36010.6;TIMEOUT
MANN_a/MANN_a81.clq;Q1_FI_Seed_1;1082;;;;35.8109;
MANN_a/MANN_a81.clq;Q1_HC_Seed_1;1082;;;;37403.3;TIMEOUT
MANN_a/MANN_a81.clq;Q1_FI_Seed_2;1083;;;;35.3844;
MANN_a/MANN_a81.clq;Q1_HC_Seed_2;1083;;;;37512.9;TIMEOUT
MANN_a/MANN_a81.clq;Q1_FI_Seed_3;1083;;;;36.6012;
MANN_a/MANN_a81.clq;Q1_HC_Seed_3;1083;;;;37117.1;TIMEOUT
MANN_a/MANN_a81.clq;Q1_FI_Seed_4;1082;;;;36.0644;
MANN_a/MANN_a81.clq;Q1_HC_Seed_4;1082;;;;37499.2;TIMEOUT
MANN_a/MANN_a81.clq;Q1_FI_Seed_5;1082;;;;36.2382;
MANN_a/MANN_a81.clq;Q1_HC_Seed_5;1082;;;;37449.5;TIMEOUT
MANN_a/MANN_a81.clq;Q1_FI_Seed_6;1083;;;;35.4586;
MANN_a/MANN_a81.clq;Q1_HC_Seed_6;1083;;;;37120.8;TIMEOUT
MANN_a/MANN_a81.clq;Q1_FI_Seed_7;1083;;;;36.3461;
MANN_a/MANN_a81.clq;Q1_HC_Seed_7;1083;;;;36999.7;TIMEOUT
MANN_a/MANN_a81.clq;Q1_FI_Seed_8;1081;;;;36.204;
MANN_a/MANN_a81.clq;Q1_HC_Seed_8;1081;;;;38390.1;TIMEOUT
MANN_a/MANN_a81.clq;Q1_FI_Seed_9;1084;;;;34.2971;
MANN_a/MANN_a81.clq;Q1_HC_Seed_9;1084;;;;36208.3;TIMEOUT
MANN_a/MANN_a81.clq;Q1_FI_STATS_SUMMARY;;1081;1084;1082.7;357.127;
MANN_a/MANN_a81.clq;Q1_HC_STATS_SUMMARY;;1081;1084;1082.7;371711;
MANN_a/MANN_a81.clq;Q1_Best_Static;1080;;;;37.027;
MANN_a/MANN_a81.clq;Q1_Best_Dynamic;0;;;;0;SKIP_TOO_LARGE
san/san200_0.7_1.clq;Q1_FI_Seed_0;16;;;;0.029569;
san/san200_0.7_1.clq;Q1_HC_Seed_0;16;;;;0.536262;OK
san/san200_0.7_1.clq;Q1_FI_Seed_1;13;;;;0.023895;
san/san200_0.7_1.clq;Q1_HC_Seed_1;16;;;;0.602727;OK
san/san200_0.7_1.clq;Q1_FI_Seed_2;15;;;;0.03345;
san/san200_0.7_1.clq;Q1_HC_Seed_2;15;;;;0.572418;OK
san/san200_0.7_1.clq;Q1_FI_Seed_3;15;;;;0.026182;
san/san200_0.7_1.clq;Q1_HC_Seed_3;15;;;;0.44558;OK
san/san200_0.7_1.clq;Q1_FI_Seed_4;15;;;;0.032306;
san/san200_0.7_1.clq;Q1_HC_Seed_4;15;;;;0.570613;OK
san/san200_0.7_1.clq;Q1_FI_Seed_5;15;;;;0.032642;
san/san200_0.7_1.clq;Q1_HC_Seed_5;15;;;;0.579369;OK
san/san200_0.7_1.clq;Q1_FI_Seed_6;15;;;;0.038343;
san/san200_0.7_1.clq;Q1_HC_Seed_6;15;;;;0.593039;OK
san/san200_0.7_1.clq;Q1_FI_Seed_7;15;;;;0.030674;
san/san200_0.7_1.clq;Q1_HC_Seed_7;15;;;;0.522878;OK
san/san200_0.7_1.clq;Q1_FI_Seed_8;15;;;;0.033933;
san/san200_0.7_1.clq;Q1_HC_Seed_8;15;;;;0.57356;OK
san/san200_0.7_1.clq;Q1_FI_Seed_9;16;;;;0.028159;
san/san200_0.7_1.clq;Q1_HC_Seed_9;16;;;;0.502189;OK
san/san200_0.7_1.clq;Q1_FI_STATS_SUMMARY;;13;16;15;0.309153;
san/san200_0.7_1.clq;Q1_HC_STATS_SUMMARY;;15;16;15.3;5.49864;
san/san200_0.7_1.clq;Q1_Best_Static;16;;;;0.050542;
san/san200_0.7_1.clq;Q1_Best_Dynamic;16;;;;2.77703;OK
san/san200_0.7_2.clq;Q1_FI_Seed_0;6;;;;0.022865;
san/san200_0.7_2.clq;Q1_HC_Seed_0;8;;;;0.273901;OK
san/san200_0.7_2.clq;Q1_FI_Seed_1;13;;;;0.025471;
san/san200_0.7_2.clq;Q1_HC_Seed_1;13;;;;0.38909;OK
san/san200_0.7_2.clq;Q1_FI_Seed_2;12;;;;0.032175;
san/san200_0.7_2.clq;Q1_HC_Seed_2;12;;;;0.457411;OK
san/san200_0.7_2.clq;Q1_FI_Seed_3;12;;;;0.022545;
san/san200_0.7_2.clq;Q1_HC_Seed_3;13;;;;0.451428;OK
san/san200_0.7_2.clq;Q1_FI_Seed_4;12;;;;0.0315;
san/san200_0.7_2.clq;Q1_HC_Seed_4;12;;;;0.446907;OK
san/san200_0.7_2.clq;Q1_FI_Seed_5;13;;;;0.022081;
san/san200_0.7_2.clq;Q1_HC_Seed_5;13;;;;0.333728;OK
san/san200_0.7_2.clq;Q1_FI_Seed_6;12;;;;0.03051;
san/san200_0.7_2.clq;Q1_HC_Seed_6;12;;;;0.444296;OK
san/san200_0.7_2.clq;Q1_FI_Seed_7;12;;;;0.03096;
san/san200_0.7_2.clq;Q1_HC_Seed_7;12;;;;0.435348;OK
san/san200_0.7_2.clq;Q1_FI_Seed_8;12;;;;0.030827;
san/san200_0.7_2.clq;Q1_HC_Seed_8;12;;;;0.454583;OK
san/san200_0.7_2.clq;Q1_FI_Seed_9;13;;;;0.023358;
san/san200_0.7_2.clq;Q1_HC_Seed_9;13;;;;0.362678;OK
san/san200_0.7_2.clq;Q1_FI_STATS_SUMMARY;;6;13;11.7;0.272292;
san/san200_0.7_2.clq;Q1_HC_STATS_SUMMARY;;8;13;12;4.04937;
san/san200_0.7_2.clq;Q1_Best_Static;12;;;;0.056971;
san/san200_0.7_2.clq;Q1_Best_Dynamic;15;;;;3.12983;OK
san/san200_0.9_1.clq;Q1_FI_Seed_0;40;;;;0.056514;
san/san200_0.9_1.clq;Q1_HC_Seed_0;45;;;;5.06817;OK
san/san200_0.9_1.clq;Q1_FI_Seed_1;30;;;;0.04897;
san/san200_0.9_1.clq;Q1_HC_Seed_1;48;;;;6.69196;OK
san/san200_0.9_1.clq;Q1_FI_Seed_2;31;;;;0.049016;
san/san200_0.9_1.clq;Q1_HC_Seed_2;47;;;;5.9765;OK
san/san200_0.9_1.clq;Q1_FI_Seed_3;45;;;;0.076998;
san/san200_0.9_1.clq;Q1_HC_Seed_3;45;;;;3.47129;OK
san/san200_0.9_1.clq;Q1_FI_Seed_4;25;;;;0.039984;
san/san200_0.9_1.clq;Q1_HC_Seed_4;34;;;;3.85095;OK
san/san200_0.9_1.clq;Q1_FI_Seed_5;44;;;;0.061165;
san/san200_0.9_1.clq;Q1_HC_Seed_5;46;;;;4.53569;OK
san/san200_0.9_1.clq;Q1_FI_Seed_6;31;;;;0.052761;
san/san200_0.9_1.clq;Q1_HC_Seed_6;47;;;;11.0641;OK
san/san200_0.9_1.clq;Q1_FI_Seed_7;36;;;;0.049857;
san/san200_0.9_1.clq;Q1_HC_Seed_7;70;;;;20.1544;OK
san/san200_0.9_1.clq;Q1_FI_Seed_8;45;;;;0.065685;
san/san200_0.9_1.clq;Q1_HC_Seed_8;49;;;;4.65298;OK
san/san200_0.9_1.clq;Q1_FI_Seed_9;46;;;;0.075062;
san/san200_0.9_1.clq;Q1_HC_Seed_9;46;;;;3.60611;OK
san/san200_0.9_1.clq;Q1_FI_STATS_SUMMARY;;25;46;37.3;0.576012;
san/san200_0.9_1.clq;Q1_HC_STATS_SUMMARY;;34;70;47.7;69.0721;
san/san200_0.9_1.clq;Q1_Best_Static;45;;;;0.107697;
san/san200_0.9_1.clq;Q1_Best_Dynamic;47;;;;10.4388;OK
san/san200_0.9_2.clq;Q1_FI_Seed_0;31;;;;0.048772;
san/san200_0.9_2.clq;Q1_HC_Seed_0;40;;;;6.67178;OK
san/san200_0.9_2.clq;Q1_FI_Seed_1;33;;;;0.048937;
san/san200_0.9_2.clq;Q1_HC_Seed_1;45;;;;7.08762;OK
san/san200_0.9_2.clq;Q1_FI_Seed_2;32;;;;0.04736;
san/san200_0.9_2.clq;Q1_HC_Seed_2;38;;;;3.19926;OK
san/san200_0.9_2.clq;Q1_FI_Seed_3;27;;;;0.04958;
san/san200_0.9_2.clq;Q1_HC_Seed_3;31;;;;2.46838;OK
san/san200_0.9_2.clq;Q1_FI_Seed_4;29;;;;0.052175;
san/san200_0.9_2.clq;Q1_HC_Seed_4;39;;;;5.15919;OK
san/san200_0.9_2.clq;Q1_FI_Seed_5;36;;;;0.055885;
san/san200_0.9_2.clq;Q1_HC_Seed_5;37;;;;2.3648;OK
san/san200_0.9_2.clq;Q1_FI_Seed_6;27;;;;0.042872;
san/san200_0.9_2.clq;Q1_HC_Seed_6;34;;;;3.68525;OK
san/san200_0.9_2.clq;Q1_FI_Seed_7;28;;;;0.042936;
san/san200_0.9_2.clq;Q1_HC_Seed_7;32;;;;2.4632;OK
san/san200_0.9_2.clq;Q1_FI_Seed_8;33;;;;0.04979;
san/san200_0.9_2.clq;Q1_HC_Seed_8;60;;;;19.1253;OK
san/san200_0.9_2.clq;Q1_FI_Seed_9;27;;;;0.045528;
san/san200_0.9_2.clq;Q1_HC_Seed_9;29;;;;1.59887;OK
san/san200_0.9_2.clq;Q1_FI_STATS_SUMMARY;;27;36;30.3;0.483835;
san/san200_0.9_2.clq;Q1_HC_STATS_SUMMARY;;29;60;38.5;53.8236;
san/san200_0.9_2.clq;Q1_Best_Static;37;;;;0.085789;
san/san200_0.9_2.clq;Q1_Best_Dynamic;38;;;;7.70847;OK
san/san200_0.9_3.clq;Q1_FI_Seed_0;22;;;;0.046225;
san/san200_0.9_3.clq;Q1_HC_Seed_0;33;;;;4.60502;OK
san/san200_0.9_3.clq;Q1_FI_Seed_1;28;;;;0.047924;
san/san200_0.9_3.clq;Q1_HC_Seed_1;33;;;;4.49179;OK
san/san200_0.9_3.clq;Q1_FI_Seed_2;28;;;;0.048428;
san/san200_0.9_3.clq;Q1_HC_Seed_2;33;;;;4.5535;OK
san/san200_0.9_3.clq;Q1_FI_Seed_3;27;;;;0.048014;
san/san200_0.9_3.clq;Q1_HC_Seed_3;31;;;;3.12712;OK
san/san200_0.9_3.clq;Q1_FI_Seed_4;28;;;;0.049014;
san/san200_0.9_3.clq;Q1_HC_Seed_4;31;;;;3.90734;OK
san/san200_0.9_3.clq;Q1_FI_Seed_5;27;;;;0.046677;
san/san200_0.9_3.clq;Q1_HC_Seed_5;31;;;;4.0856;OK
san/san200_0.9_3.clq;Q1_FI_Seed_6;27;;;;0.047085;
san/san200_0.9_3.clq;Q1_HC_Seed_6;30;;;;3.7502;OK
san/san200_0.9_3.clq;Q1_FI_Seed_7;25;;;;0.045072;
san/san200_0.9_3.clq;Q1_HC_Seed_7;30;;;;3.25395;OK
san/san200_0.9_3.clq;Q1_FI_Seed_8;28;;;;0.043748;
san/san200_0.9_3.clq;Q1_HC_Seed_8;32;;;;3.13971;OK
san/san200_0.9_3.clq;Q1_FI_Seed_9;28;;;;0.047408;
san/san200_0.9_3.clq;Q1_HC_Seed_9;32;;;;3.41659;OK
san/san200_0.9_3.clq;Q1_FI_STATS_SUMMARY;;22;28;26.8;0.469595;
san/san200_0.9_3.clq;Q1_HC_STATS_SUMMARY;;30;33;31.6;38.3308;
san/san200_0.9_3.clq;Q1_Best_Static;31;;;;0.078667;
san/san200_0.9_3.clq;Q1_Best_Dynamic;33;;;;6.75523;OK
san/san400_0.5_1.clq;Q1_FI_Seed_0;7;;;;0.042309;
san/san400_0.5_1.clq;Q1_HC_Seed_0;7;;;;0.41253;OK
san/san400_0.5_1.clq;Q1_FI_Seed_1;7;;;;0.03989;
san/san400_0.5_1.clq;Q1_HC_Seed_1;7;;;;0.413508;OK
san/san400_0.5_1.clq;Q1_FI_Seed_2;8;;;;0.033597;
san/san400_0.5_1.clq;Q1_HC_Seed_2;8;;;;0.314812;OK
san/san400_0.5_1.clq;Q1_FI_Seed_3;6;;;;0.035859;
san/san400_0.5_1.clq;Q1_HC_Seed_3;6;;;;0.328725;OK
san/san400_0.5_1.clq;Q1_FI_Seed_4;6;;;;0.035979;
san/san400_0.5_1.clq;Q1_HC_Seed_4;6;;;;0.328807;OK
san/san400_0.5_1.clq;Q1_FI_Seed_5;7;;;;0.039762;
san/san400_0.5_1.clq;Q1_HC_Seed_5;7;;;;0.426685;OK
san/san400_0.5_1.clq;Q1_FI_Seed_6;6;;;;0.035926;
san/san400_0.5_1.clq;Q1_HC_Seed_6;6;;;;0.319409;OK
san/san400_0.5_1.clq;Q1_FI_Seed_7;7;;;;0.040181;
san/san400_0.5_1.clq;Q1_HC_Seed_7;7;;;;0.408171;OK
san/san400_0.5_1.clq;Q1_FI_Seed_8;8;;;;0.039213;
san/san400_0.5_1.clq;Q1_HC_Seed_8;8;;;;0.399459;OK
san/san400_0.5_1.clq;Q1_FI_Seed_9;6;;;;0.035556;
san/san400_0.5_1.clq;Q1_HC_Seed_9;7;;;;0.373881;OK
san/san400_0.5_1.clq;Q1_FI_STATS_SUMMARY;;6;8;6.8;0.378272;
san/san400_0.5_1.clq;Q1_HC_STATS_SUMMARY;;6;8;6.9;3.72599;
san/san400_0.5_1.clq;Q1_Best_Static;7;;;;0.08711;
san/san400_0.5_1.clq;Q1_Best_Dynamic;8;;;;6.86127;OK
san/san400_0.7_1.clq;Q1_FI_Seed_0;14;;;;0.04469;
san/san400_0.7_1.clq;Q1_HC_Seed_0;21;;;;2.36005;OK
san/san400_0.7_1.clq;Q1_FI_Seed_1;12;;;;0.043865;
san/san400_0.7_1.clq;Q1_HC_Seed_1;22;;;;2.44518;OK
san/san400_0.7_1.clq;Q1_FI_Seed_2;20;;;;0.067595;
san/san400_0.7_1.clq;Q1_HC_Seed_2;20;;;;1.94831;OK
san/san400_0.7_1.clq;Q1_FI_Seed_3;20;;;;0.070119;
san/san400_0.7_1.clq;Q1_HC_Seed_3;20;;;;1.795;OK
san/san400_0.7_1.clq;Q1_FI_Seed_4;21;;;;0.053072;
san/san400_0.7_1.clq;Q1_HC_Seed_4;21;;;;1.52468;OK
san/san400_0.7_1.clq;Q1_FI_Seed_5;20;;;;0.068544;
san/san400_0.7_1.clq;Q1_HC_Seed_5;20;;;;1.80264;OK
san/san400_0.7_1.clq;Q1_FI_Seed_6;21;;;;0.054189;
san/san400_0.7_1.clq;Q1_HC_Seed_6;21;;;;1.52688;OK
san/san400_0.7_1.clq;Q1_FI_Seed_7;17;;;;0.043482;
san/san400_0.7_1.clq;Q1_HC_Seed_7;21;;;;2.15048;OK
san/san400_0.7_1.clq;Q1_FI_Seed_8;21;;;;0.054395;
san/san400_0.7_1.clq;Q1_HC_Seed_8;21;;;;1.49226;OK
san/san400_0.7_1.clq;Q1_FI_Seed_9;19;;;;0.042229;
san/san400_0.7_1.clq;Q1_HC_Seed_9;20;;;;1.47771;OK
san/san400_0.7_1.clq;Q1_FI_STATS_SUMMARY;;12;21;18.5;0.54218;
san/san400_0.7_1.clq;Q1_HC_STATS_SUMMARY;;20;22;20.7;18.5232;
san/san400_0.7_1.clq;Q1_Best_Static;21;;;;0.108861;
san/san400_0.7_1.clq;Q1_Best_Dynamic;21;;;;12.7147;OK
san/san400_0.7_2.clq;Q1_FI_Seed_0;15;;;;0.061483;
san/san400_0.7_2.clq;Q1_HC_Seed_0;15;;;;1.15417;OK
san/san400_0.7_2.clq;Q1_FI_Seed_1;16;;;;0.042903;
san/san400_0.7_2.clq;Q1_HC_Seed_1;17;;;;1.2485;OK
san/san400_0.7_2.clq;Q1_FI_Seed_2;15;;;;0.057578;
san/san400_0.7_2.clq;Q1_HC_Seed_2;15;;;;1.12689;OK
san/san400_0.7_2.clq;Q1_FI_Seed_3;16;;;;0.042502;
san/san400_0.7_2.clq;Q1_HC_Seed_3;17;;;;1.27664;OK
san/san400_0.7_2.clq;Q1_FI_Seed_4;15;;;;0.058734;
san/san400_0.7_2.clq;Q1_HC_Seed_4;15;;;;1.17592;OK
san/san400_0.7_2.clq;Q1_FI_Seed_5;16;;;;0.048913;
san/san400_0.7_2.clq;Q1_HC_Seed_5;16;;;;1.07669;OK
san/san400_0.7_2.clq;Q1_FI_Seed_6;15;;;;0.05847;
san/san400_0.7_2.clq;Q1_HC_Seed_6;15;;;;1.18344;OK
san/san400_0.7_2.clq;Q1_FI_Seed_7;16;;;;0.046788;
san/san400_0.7_2.clq;Q1_HC_Seed_7;16;;;;1.00561;OK
san/san400_0.7_2.clq;Q1_FI_Seed_8;15;;;;0.061457;
san/san400_0.7_2.clq;Q1_HC_Seed_8;15;;;;1.16183;OK
san/san400_0.7_2.clq;Q1_FI_Seed_9;15;;;;0.058819;
san/san400_0.7_2.clq;Q1_HC_Seed_9;16;;;;2.40149;OK
san/san400_0.7_2.clq;Q1_FI_STATS_SUMMARY;;15;16;15.4;0.537647;
san/san400_0.7_2.clq;Q1_HC_STATS_SUMMARY;;15;17;15.7;12.8112;
san/san400_0.7_2.clq;Q1_Best_Static;15;;;;0.109961;
san/san400_0.7_2.clq;Q1_Best_Dynamic;17;;;;11.2334;OK
san/san400_0.7_3.clq;Q1_FI_Seed_0;12;;;;0.043776;
san/san400_0.7_3.clq;Q1_HC_Seed_0;12;;;;0.65733;OK
san/san400_0.7_3.clq;Q1_FI_Seed_1;12;;;;0.053146;
san/san400_0.7_3.clq;Q1_HC_Seed_1;12;;;;0.855227;OK
san/san400_0.7_3.clq;Q1_FI_Seed_2;10;;;;0.047387;
san/san400_0.7_3.clq;Q1_HC_Seed_2;10;;;;0.648386;OK
san/san400_0.7_3.clq;Q1_FI_Seed_3;13;;;;0.042838;
san/san400_0.7_3.clq;Q1_HC_Seed_3;14;;;;0.925634;OK
san/san400_0.7_3.clq;Q1_FI_Seed_4;11;;;;0.04423;
san/san400_0.7_3.clq;Q1_HC_Seed_4;14;;;;1.48036;OK
san/san400_0.7_3.clq;Q1_FI_Seed_5;13;;;;0.047413;
san/san400_0.7_3.clq;Q1_HC_Seed_5;13;;;;0.819629;OK
san/san400_0.7_3.clq;Q1_FI_Seed_6;10;;;;0.046173;
san/san400_0.7_3.clq;Q1_HC_Seed_6;10;;;;0.63899;OK
san/san400_0.7_3.clq;Q1_FI_Seed_7;12;;;;0.054143;
san/san400_0.7_3.clq;Q1_HC_Seed_7;13;;;;1.54692;OK
san/san400_0.7_3.clq;Q1_FI_Seed_8;12;;;;0.041967;
san/san400_0.7_3.clq;Q1_HC_Seed_8;16;;;;1.28744;OK
san/san400_0.7_3.clq;Q1_FI_Seed_9;12;;;;0.041976;
san/san400_0.7_3.clq;Q1_HC_Seed_9;13;;;;1.40554;OK
san/san400_0.7_3.clq;Q1_FI_STATS_SUMMARY;;10;13;11.7;0.463049;
san/san400_0.7_3.clq;Q1_HC_STATS_SUMMARY;;10;16;12.7;10.2655;
san/san400_0.7_3.clq;Q1_Best_Static;12;;;;0.112966;
san/san400_0.7_3.clq;Q1_Best_Dynamic;15;;;;10.7908;OK
san/san400_0.9_1.clq;Q1_FI_Seed_0;34;;;;0.102155;
san/san400_0.9_1.clq;Q1_HC_Seed_0;43;;;;13.911;OK
san/san400_0.9_1.clq;Q1_FI_Seed_1;51;;;;0.11113;
san/san400_0.9_1.clq;Q1_HC_Seed_1;52;;;;8.80813;OK
san/san400_0.9_1.clq;Q1_FI_Seed_2;49;;;;0.10215;
san/san400_0.9_1.clq;Q1_HC_Seed_2;52;;;;11.3203;OK
san/san400_0.9_1.clq;Q1_FI_Seed_3;53;;;;0.114763;
san/san400_0.9_1.clq;Q1_HC_Seed_3;54;;;;9.63609;OK
san/san400_0.9_1.clq;Q1_FI_Seed_4;50;;;;0.119904;
san/san400_0.9_1.clq;Q1_HC_Seed_4;53;;;;12.6591;OK
san/san400_0.9_1.clq;Q1_FI_Seed_5;52;;;;0.11428;
san/san400_0.9_1.clq;Q1_HC_Seed_5;52;;;;7.51866;OK
san/san400_0.9_1.clq;Q1_FI_Seed_6;52;;;;0.124816;
san/san400_0.9_1.clq;Q1_HC_Seed_6;52;;;;7.96339;OK
san/san400_0.9_1.clq;Q1_FI_Seed_7;44;;;;0.098612;
san/san400_0.9_1.clq;Q1_HC_Seed_7;100;;;;35.7157;OK
san/san400_0.9_1.clq;Q1_FI_Seed_8;50;;;;0.111544;
san/san400_0.9_1.clq;Q1_HC_Seed_8;51;;;;8.54806;OK
san/san400_0.9_1.clq;Q1_FI_Seed_9;41;;;;0.10087;
san/san400_0.9_1.clq;Q1_HC_Seed_9;100;;;;52.3173;OK
san/san400_0.9_1.clq;Q1_FI_STATS_SUMMARY;;34;53;47.6;1.10022;
san/san400_0.9_1.clq;Q1_HC_STATS_SUMMARY;;43;100;60.9;168.398;
san/san400_0.9_1.clq;Q1_Best_Static;43;;;;0.172809;
san/san400_0.9_1.clq;Q1_Best_Dynamic;92;;;;40.3853;OK
san/san1000.clq;Q1_FI_Seed_0;8;;;;0.102582;
san/san1000.clq;Q1_HC_Seed_0;8;;;;1.5144;OK
san/san1000.clq;Q1_FI_Seed_1;8;;;;0.097528;
san/san1000.clq;Q1_HC_Seed_1;8;;;;1.48402;OK
san/san1000.clq;Q1_FI_Seed_2;9;;;;0.079081;
san/san1000.clq;Q1_HC_Seed_2;9;;;;0.982679;OK
san/san1000.clq;Q1_FI_Seed_3;7;;;;0.086852;
san/san1000.clq;Q1_HC_Seed_3;7;;;;1.18741;OK
san/san1000.clq;Q1_FI_Seed_4;9;;;;0.070698;
san/san1000.clq;Q1_HC_Seed_4;9;;;;0.943607;OK
san/san1000.clq;Q1_FI_Seed_5;8;;;;0.096053;
san/san1000.clq;Q1_HC_Seed_5;8;;;;1.47211;OK
san/san1000.clq;Q1_FI_Seed_6;7;;;;0.086878;
san/san1000.clq;Q1_HC_Seed_6;7;;;;1.20983;OK
san/san1000.clq;Q1_FI_Seed_7;8;;;;0.119766;
san/san1000.clq;Q1_HC_Seed_7;8;;;;1.48292;OK
san/san1000.clq;Q1_FI_Seed_8;8;;;;0.099657;
san/san1000.clq;Q1_HC_Seed_8;8;;;;1.49369;OK
san/san1000.clq;Q1_FI_Seed_9;7;;;;0.089543;
san/san1000.clq;Q1_HC_Seed_9;7;;;;1.20835;OK
san/san1000.clq;Q1_FI_STATS_SUMMARY;;7;9;7.9;0.928638;
san/san1000.clq;Q1_HC_STATS_SUMMARY;;7;9;7.9;12.979;
san/san1000.clq;Q1_Best_Static;8;;;;0.251919;
san/san1000.clq;Q1_Best_Dynamic;10;;;;43.5685;OK
san/sanr200_0.7.clq;Q1_FI_Seed_0;13;;;;0.025409;
san/sanr200_0.7.clq;Q1_HC_Seed_0;15;;;;0.664764;OK
san/sanr200_0.7.clq;Q1_FI_Seed_1;11;;;;0.023296;
san/sanr200_0.7.clq;Q1_HC_Seed_1;14;;;;0.553515;OK
san/sanr200_0.7.clq;Q1_FI_Seed_2;10;;;;0.024925;
san/sanr200_0.7.clq;Q1_HC_Seed_2;12;;;;0.619433;OK
san/sanr200_0.7.clq;Q1_FI_Seed_3;12;;;;0.024146;
san/sanr200_0.7.clq;Q1_HC_Seed_3;14;;;;0.674406;OK
san/sanr200_0.7.clq;Q1_FI_Seed_4;11;;;;0.024077;
san/sanr200_0.7.clq;Q1_HC_Seed_4;15;;;;1.22691;OK
san/sanr200_0.7.clq;Q1_FI_Seed_5;12;;;;0.024399;
san/sanr200_0.7.clq;Q1_HC_Seed_5;13;;;;0.573843;OK
san/sanr200_0.7.clq;Q1_FI_Seed_6;13;;;;0.024316;
san/sanr200_0.7.clq;Q1_HC_Seed_6;13;;;;0.350224;OK
san/sanr200_0.7.clq;Q1_FI_Seed_7;11;;;;0.024277;
san/sanr200_0.7.clq;Q1_HC_Seed_7;14;;;;0.605089;OK
san/sanr200_0.7.clq;Q1_FI_Seed_8;13;;;;0.026579;
san/sanr200_0.7.clq;Q1_HC_Seed_8;14;;;;0.46475;OK
san/sanr200_0.7.clq;Q1_FI_Seed_9;12;;;;0.024709;
san/sanr200_0.7.clq;Q1_HC_Seed_9;13;;;;0.523846;OK
san/sanr200_0.7.clq;Q1_FI_STATS_SUMMARY;;10;13;11.8;0.246133;
san/sanr200_0.7.clq;Q1_HC_STATS_SUMMARY;;12;15;13.7;6.25678;
san/sanr200_0.7.clq;Q1_Best_Static;14;;;;0.051194;
san/sanr200_0.7.clq;Q1_Best_Dynamic;15;;;;2.60401;OK
san/sanr200_0.9.clq;Q1_FI_Seed_0;33;;;;0.04912;
san/sanr200_0.9.clq;Q1_HC_Seed_0;35;;;;3.83246;OK
san/sanr200_0.9.clq;Q1_FI_Seed_1;27;;;;0.046638;
san/sanr200_0.9.clq;Q1_HC_Seed_1;31;;;;2.46681;OK
san/sanr200_0.9.clq;Q1_FI_Seed_2;28;;;;0.044762;
san/sanr200_0.9.clq;Q1_HC_Seed_2;31;;;;2.82487;OK
san/sanr200_0.9.clq;Q1_FI_Seed_3;27;;;;0.045841;
san/sanr200_0.9.clq;Q1_HC_Seed_3;33;;;;3.45301;OK
san/sanr200_0.9.clq;Q1_FI_Seed_4;34;;;;0.050864;
san/sanr200_0.9.clq;Q1_HC_Seed_4;35;;;;2.14453;OK
san/sanr200_0.9.clq;Q1_FI_Seed_5;30;;;;0.049164;
san/sanr200_0.9.clq;Q1_HC_Seed_5;35;;;;3.54056;OK
san/sanr200_0.9.clq;Q1_FI_Seed_6;28;;;;0.048474;
san/sanr200_0.9.clq;Q1_HC_Seed_6;30;;;;2.40582;OK
san/sanr200_0.9.clq;Q1_FI_Seed_7;28;;;;0.046145;
san/sanr200_0.9.clq;Q1_HC_Seed_7;35;;;;5.73879;OK
san/sanr200_0.9.clq;Q1_FI_Seed_8;30;;;;0.046881;
san/sanr200_0.9.clq;Q1_HC_Seed_8;34;;;;2.70664;OK
san/sanr200_0.9.clq;Q1_FI_Seed_9;30;;;;0.04819;
san/sanr200_0.9.clq;Q1_HC_Seed_9;33;;;;2.3554;OK
san/sanr200_0.9.clq;Q1_FI_STATS_SUMMARY;;27;34;29.5;0.476079;
san/sanr200_0.9.clq;Q1_HC_STATS_SUMMARY;;30;35;33.2;31.4689;
san/sanr200_0.9.clq;Q1_Best_Static;36;;;;0.08336;
san/sanr200_0.9.clq;Q1_Best_Dynamic;37;;;;7.37014;OK
san/sanr400_0.5.clq;Q1_FI_Seed_0;9;;;;0.03875;
san/sanr400_0.5.clq;Q1_HC_Seed_0;10;;;;0.636396;OK
san/sanr400_0.5.clq;Q1_FI_Seed_1;9;;;;0.036558;
san/sanr400_0.5.clq;Q1_HC_Seed_1;10;;;;0.546352;OK
san/sanr400_0.5.clq;Q1_FI_Seed_2;8;;;;0.035591;
san/sanr400_0.5.clq;Q1_HC_Seed_2;10;;;;0.62219;OK
san/sanr400_0.5.clq;Q1_FI_Seed_3;9;;;;0.035936;
san/sanr400_0.5.clq;Q1_HC_Seed_3;9;;;;0.415783;OK
san/sanr400_0.5.clq;Q1_FI_Seed_4;8;;;;0.037668;
san/sanr400_0.5.clq;Q1_HC_Seed_4;9;;;;0.582528;OK
san/sanr400_0.5.clq;Q1_FI_Seed_5;9;;;;0.036144;
san/sanr400_0.5.clq;Q1_HC_Seed_5;10;;;;0.700859;OK
san/sanr400_0.5.clq;Q1_FI_Seed_6;8;;;;0.034351;
san/sanr400_0.5.clq;Q1_HC_Seed_6;9;;;;0.453219;OK
san/sanr400_0.5.clq;Q1_FI_Seed_7;8;;;;0.034357;
san/sanr400_0.5.clq;Q1_HC_Seed_7;11;;;;0.952449;OK
san/sanr400_0.5.clq;Q1_FI_Seed_8;8;;;;0.034476;
san/sanr400_0.5.clq;Q1_HC_Seed_8;10;;;;0.727494;OK
san/sanr400_0.5.clq;Q1_FI_Seed_9;8;;;;0.034258;
san/sanr400_0.5.clq;Q1_HC_Seed_9;9;;;;0.476725;OK
san/sanr400_0.5.clq;Q1_FI_STATS_SUMMARY;;8;9;8.4;0.358089;
san/sanr400_0.5.clq;Q1_HC_STATS_SUMMARY;;9;11;9.7;6.114;
san/sanr400_0.5.clq;Q1_Best_Static;10;;;;0.093797;
san/sanr400_0.5.clq;Q1_Best_Dynamic;11;;;;6.63244;OK
san/sanr400_0.7.clq;Q1_FI_Seed_0;14;;;;0.046134;
san/sanr400_0.7.clq;Q1_HC_Seed_0;17;;;;1.89529;OK
san/sanr400_0.7.clq;Q1_FI_Seed_1;15;;;;0.047328;
san/sanr400_0.7.clq;Q1_HC_Seed_1;17;;;;1.68009;OK
san/sanr400_0.7.clq;Q1_FI_Seed_2;15;;;;0.044151;
san/sanr400_0.7.clq;Q1_HC_Seed_2;16;;;;1.62312;OK
san/sanr400_0.7.clq;Q1_FI_Seed_3;16;;;;0.04581;
san/sanr400_0.7.clq;Q1_HC_Seed_3;18;;;;1.90724;OK
san/sanr400_0.7.clq;Q1_FI_Seed_4;15;;;;0.043427;
san/sanr400_0.7.clq;Q1_HC_Seed_4;15;;;;0.880159;OK
san/sanr400_0.7.clq;Q1_FI_Seed_5;13;;;;0.045993;
san/sanr400_0.7.clq;Q1_HC_Seed_5;18;;;;2.17037;OK
san/sanr400_0.7.clq;Q1_FI_Seed_6;15;;;;0.047236;
san/sanr400_0.7.clq;Q1_HC_Seed_6;15;;;;0.915246;OK
san/sanr400_0.7.clq;Q1_FI_Seed_7;14;;;;0.045473;
san/sanr400_0.7.clq;Q1_HC_Seed_7;18;;;;1.811;OK
san/sanr400_0.7.clq;Q1_FI_Seed_8;15;;;;0.045433;
san/sanr400_0.7.clq;Q1_HC_Seed_8;16;;;;1.23671;OK
san/sanr400_0.7.clq;Q1_FI_Seed_9;15;;;;0.044726;
san/sanr400_0.7.clq;Q1_HC_Seed_9;18;;;;2.23772;OK
san/sanr400_0.7.clq;Q1_FI_STATS_SUMMARY;;13;16;14.7;0.455711;
san/sanr400_0.7.clq;Q1_HC_STATS_SUMMARY;;15;18;16.8;16.3569;
san/sanr400_0.7.clq;Q1_Best_Static;16;;;;0.100539;
san/sanr400_0.7.clq;Q1_Best_Dynamic;18;;;;9.56886;OK
